indicator_id,indicator_name,reference_period,loaded_at,business_unit,actual_value,target_value,variance_pct,ytd_actual,ytd_target,confidence_score
KPI-0000,OTIF Rate,2026-03-02 19:39:49.403890,2026-04-24 14:39:49.404543,Commercial,87.4151225016936,89.46696204971573,-0.05426043718263356,745.9932595766234,1033.8171924137773,0.967
KPI-0001,OTIF Rate,2026-01-01 19:39:49.403903,2026-04-24 14:39:49.404556,Commercial,105.26545869348057,66.57295079322306,0.03374105979925245,1101.2553467325015,848.4430649919914,0.873
KPI-0002,Gross Margin,2025-12-02 19:39:49.403908,2026-04-24 14:39:49.404560,Operations,102.98986081926854,104.10311426216498,-0.0521592423230365,989.5908201588408,823.9978905087924,0.944
KPI-0003,OTIF Rate,2025-05-06 19:39:49.403930,2026-04-24 16:39:49.404564,Logistics,101.26589867735642,68.81123723500778,0.22738250371893937,973.3285125995067,1071.066113793352,0.883
KPI-0004,Gross Margin,2026-04-01 19:39:49.403864,2026-04-24 17:39:49.404569,Logistics,86.80215007160857,106.95751165909473,-0.06083557274476362,1134.9818394710449,971.7902760506266,0.732
KPI-0005,OTIF Rate,2026-01-31 19:39:49.403898,2026-04-24 12:39:49.404573,Finance,80.47384146301619,141.23298172303603,0.16667628144935054,967.9621595223176,1106.8847412356808,0.886
KPI-0006,Net Revenue,2026-01-01 19:39:49.403903,2026-04-24 16:39:49.404577,Commercial,111.12042260320473,108.58377584696385,-0.019269911690172017,772.265365100744,1034.2470290796157,0.791
KPI-0007,NPS Score,2025-12-02 19:39:49.403908,2026-04-24 17:39:49.404581,Operations,105.65623886853395,91.13336447161923,-0.05149769104183197,799.9632918649305,918.1416960480626,0.902
KPI-0008,NPS Score,2025-07-05 19:39:49.403924,2026-04-24 12:39:49.404584,Commercial,98.04757063445139,99.75674837240959,-0.0027099136765693066,1022.7947438347421,996.0101199438807,0.855
KPI-0009,OTIF Rate,2026-01-31 19:39:49.403898,2026-04-24 18:39:49.404588,Logistics,149.93277930526918,93.70784171340394,-0.09107081127539181,1035.9638455861948,957.3184445292549,0.988
KPI-0010,OTIF Rate,2025-12-02 19:39:49.403908,2026-04-24 15:39:49.404592,Logistics,130.3433722832631,144.02759797450727,-0.07318581909563047,1218.417869235728,1028.8717004140885,0.848
KPI-0011,EBITDA %,2025-12-02 19:39:49.403908,2026-04-24 16:39:49.404596,Operations,112.25352743645487,96.86665815497273,0.13111307389361876,960.0040494686033,910.1206780811497,0.955
KPI-0012,Net Revenue,2026-04-01 19:39:49.403864,2026-04-24 13:39:49.404600,Commercial,123.07980437865359,74.25045723533944,0.03675294134247013,1179.3016231787383,848.1320441110462,0.726
KPI-0013,EBITDA %,2025-11-02 19:39:49.403913,2026-04-24 15:39:49.404604,Finance,,160.95523463012074,0.07426213518394045,819.9641674995746,983.9853718723896,0.74
KPI-0014,OTIF Rate,2025-05-06 19:39:49.403930,2026-04-24 16:39:49.404608,Logistics,93.12999084409303,106.19036049203615,-0.03697731328491261,866.9350344075741,914.2024097154217,0.744
KPI-0015,Net Revenue,2026-01-01 19:39:49.403903,2026-04-24 17:39:49.404612,Commercial,72.15955459398748,92.40453909588005,0.055950201015834436,824.6168998942412,1094.4926027466863,0.966
KPI-0016,Gross Margin,2026-01-31 19:39:49.403898,2026-04-24 16:39:49.404616,Operations,124.09055058073585,110.17887353706398,0.011558117216151485,982.7124480338838,976.093077169597,0.753
KPI-0017,Net Revenue,2026-01-01 19:39:49.403903,2026-04-24 12:39:49.404620,Logistics,99.63007295492142,105.26706871916392,-0.05648540697941394,1101.591543068636,1026.12292008386,0.982
KPI-0018,Gross Margin,2026-01-01 19:39:49.403903,2026-04-24 17:39:49.404624,Operations,122.49943891975427,119.38671704088493,0.25451515360038957,936.3843912998551,962.2991864054143,0.929
KPI-0019,Net Revenue,2025-12-02 19:39:49.403908,2026-04-24 18:39:49.404628,Operations,120.45860850513637,106.74471717239217,-0.1111384024929778,844.1238558334952,1016.0017271192219,0.807
KPI-0020,Net Revenue,2026-04-01 19:39:49.403864,2026-04-24 17:39:49.404633,Finance,62.487190437692334,67.16256922846337,0.006971861182670651,1033.2846366269855,1060.6825373948873,0.926
KPI-0021,EBITDA %,2025-05-06 19:39:49.403930,2026-04-24 13:39:49.404638,Commercial,115.6876847796645,106.41208877918262,0.044999338389657195,942.4402000706939,1023.8946265416861,0.844
KPI-0022,OTIF Rate,2025-06-05 19:39:49.403927,2026-04-24 15:39:49.404643,Logistics,143.3401847821656,127.72292253925355,0.024992956393223055,1035.4474305234257,836.382899427157,0.823
KPI-0023,OTIF Rate,2026-03-02 19:39:49.403890,2026-04-24 14:39:49.404647,Finance,95.53812116198155,99.2467684989107,-0.035415440446288915,947.1690129329011,955.5131924969296,0.963
KPI-0024,Net Revenue,2026-01-01 19:39:49.403903,2026-04-24 17:39:49.404650,Operations,108.6954718085444,124.5574979015096,-0.05137132119964664,946.6173851402266,1204.22376800838,0.741
KPI-0025,Gross Margin,2025-11-02 19:39:49.403913,2026-04-24 12:39:49.404655,Operations,126.01968984659635,128.88375541764515,0.02812443978022652,1201.181859904025,1037.211970571608,0.747
KPI-0026,Gross Margin,2026-01-01 19:39:49.403903,2026-04-24 16:39:49.404658,Commercial,63.42928675479308,133.58426239823217,-0.05843050842754906,831.7136537136003,955.1801910757775,0.768
KPI-0027,EBITDA %,2025-08-04 19:39:49.403921,2026-04-24 14:39:49.404663,Finance,49.12907862052423,89.26614931327947,0.09292615782678969,1007.8547269714583,948.9418211517695,0.899
KPI-0028,Net Revenue,2025-07-05 19:39:49.403924,2026-04-24 15:39:49.404666,Logistics,96.14629364994403,91.33641104223335,0.019205996301179834,1044.1679734471993,1140.287011254699,0.806
KPI-0029,Net Revenue,2026-01-31 19:39:49.403898,2026-04-24 14:39:49.404670,Operations,60.868960138067216,110.44200954919506,-0.013522621760391311,1084.4412210627872,1052.8228883967138,0.934
KPI-0030,EBITDA %,2025-10-03 19:39:49.403916,2026-04-24 13:39:49.404674,Logistics,133.67300890365055,73.71490357076362,0.010080781714761127,826.2842518384361,873.6135309997899,0.753
KPI-0031,OTIF Rate,2026-01-01 19:39:49.403903,2026-04-24 15:39:49.404678,Finance,121.54622884468488,88.39628293444386,0.04271876193340515,1004.8316164624187,1199.8803811397058,0.908
KPI-0032,OTIF Rate,2025-05-06 19:39:49.403930,2026-04-24 12:39:49.404681,Finance,132.55241220960733,115.9531645105524,0.10625494756584976,900.2810351256499,1028.2359627570327,0.994
KPI-0033,Gross Margin,2026-01-01 19:39:49.403903,2026-04-24 16:39:49.404684,Finance,98.90759550068744,68.30669939231728,0.03274204592408039,948.3212869010936,1025.8893436300548,0.987
KPI-0034,OTIF Rate,2025-07-05 19:39:49.403924,2026-04-24 18:39:49.404685,Commercial,128.0615643093036,74.1029238242229,0.01691294782130955,904.5384544879718,1147.9844314475818,0.937
KPI-0035,Gross Margin,2025-09-03 19:39:49.403919,2026-04-24 13:39:49.404688,Finance,102.33989778291665,120.19553873193308,0.07352973175928891,893.832262423297,1016.2712165408383,0.828
KPI-0036,EBITDA %,2026-01-31 19:39:49.403898,2026-04-24 16:39:49.404689,Logistics,110.0348666867217,77.57550442433867,-0.11339844645000763,1142.7695974594985,1042.572605439696,0.716
KPI-0037,NPS Score,2026-04-01 19:39:49.403864,2026-04-24 15:39:49.404692,Logistics,153.59179142832707,163.8119430572933,-0.0428930792042233,1078.3160383203601,847.9850774204515,0.898
KPI-0038,NPS Score,2026-01-01 19:39:49.403903,2026-04-24 16:39:49.404694,Operations,68.64549564751199,89.6065325870854,-0.0117096438113635,789.2608532027347,991.0919357117963,0.701
KPI-0039,NPS Score,2025-05-06 19:39:49.403930,2026-04-24 16:39:49.404696,Logistics,143.44029060619118,88.32380084901484,-0.0695075648650085,922.7383747112046,873.7334409133941,0.933
KPI-0040,NPS Score,2025-11-02 19:39:49.403913,2026-04-24 17:39:49.404698,Logistics,53.08171054098316,81.60452881834357,0.05867503912887645,940.2507497362034,948.1227602797935,0.791
KPI-0041,OTIF Rate,2025-09-03 19:39:49.403919,2026-04-24 12:39:49.404700,Logistics,99.6285828646713,109.24099996456043,0.0027123921176459747,1118.7273323344682,1024.9676710235217,0.961
KPI-0042,Net Revenue,2025-10-03 19:39:49.403916,2026-04-24 18:39:49.404702,Commercial,114.01674732704483,105.59455529091716,-0.08994074445663679,816.2127132098029,775.8502422153474,0.791
KPI-0043,NPS Score,2025-11-02 19:39:49.403913,2026-04-24 12:39:49.404704,Commercial,87.69629560641212,117.36339683898261,-0.0988785015143297,871.7484999162258,1032.4556168541028,0.88
KPI-0044,NPS Score,2025-11-02 19:39:49.403913,2026-04-24 17:39:49.404706,Logistics,107.18719236968076,104.60969810024959,-0.00023482753468295214,864.5626568824415,1083.8883808056264,0.704
KPI-0045,Gross Margin,2026-01-01 19:39:49.403903,2026-04-24 16:39:49.404708,Commercial,109.24026362150735,128.02115060175134,0.05307645146017309,717.9331507221344,816.776724416829,0.965
KPI-0046,OTIF Rate,2025-10-03 19:39:49.403916,2026-04-24 16:39:49.404710,Logistics,115.52189052333492,104.93646310637037,0.007551801571146169,719.3155094181361,932.0681422616789,0.943
KPI-0047,EBITDA %,2025-12-02 19:39:49.403908,2026-04-24 13:39:49.404712,Commercial,95.0308965175771,102.08219596372325,0.20838304936430838,983.0481597100735,848.5704531506653,0.87
KPI-0048,Net Revenue,2025-05-06 19:39:49.403930,2026-04-24 15:39:49.404714,Operations,83.03802772129725,114.12725811209175,-0.015046989560146846,862.0457542488584,1051.8915146185125,0.729
KPI-0049,EBITDA %,2025-12-02 19:39:49.403908,2026-04-24 15:39:49.404716,Operations,104.7285835435356,70.35647857303671,-0.046415775354193674,978.9587474413662,949.7421996167786,0.904
KPI-0050,Net Revenue,2025-12-02 19:39:49.403908,2026-04-24 18:39:49.404718,Commercial,91.9762558733122,87.12499078807204,0.10503566545139015,758.0817038682367,1112.4076881816293,0.943
KPI-0051,Gross Margin,2025-09-03 19:39:49.403919,2026-04-24 18:39:49.404720,Finance,100.73228783749519,143.61205916797445,0.026397622887567255,813.9929391066344,868.8222772018005,0.961
KPI-0052,Gross Margin,2025-12-02 19:39:49.403908,2026-04-24 15:39:49.404721,Operations,92.27226082244913,73.91194500489664,0.10738934132053357,899.1850590176504,1019.7056049853522,0.889
KPI-0053,NPS Score,2025-12-02 19:39:49.403908,2026-04-24 13:39:49.404724,Logistics,105.01696344502238,127.19696179726472,0.11456523914224173,771.8196300780089,916.4410341389021,0.771
KPI-0054,Net Revenue,2025-07-05 19:39:49.403924,2026-04-24 12:39:49.404726,Logistics,84.86722422472798,61.71072894125602,-0.027838526496107137,913.9031389720458,1001.6611573990892,0.988
KPI-0055,Net Revenue,2025-12-02 19:39:49.403908,2026-04-24 16:39:49.404727,Commercial,,77.28564666738008,-0.04698807975546909,912.1654040244308,967.2066101850761,0.865
KPI-0056,EBITDA %,2025-06-05 19:39:49.403927,2026-04-24 13:39:49.404730,Finance,72.28168301610637,93.77612010187346,0.058646721638789735,901.6916016237634,1070.2960970449703,0.726
KPI-0057,Gross Margin,2026-03-02 19:39:49.403890,2026-04-24 18:39:49.404731,Finance,103.92832969241293,117.96730198217747,-0.06464628391782475,785.1807207514323,1028.8117154439474,0.987
KPI-0058,EBITDA %,2026-01-01 19:39:49.403903,2026-04-24 14:39:49.404733,Operations,77.51376862467906,106.4325164971672,-0.03746125620099399,1090.6662559606425,1114.7811246291246,0.976
KPI-0059,Net Revenue,2026-01-01 19:39:49.403903,2026-04-24 15:39:49.404736,Operations,107.73942136294411,117.23626515228403,-0.154554901831057,804.3971426550087,990.3472198163514,0.775
KPI-0060,Gross Margin,2025-06-05 19:39:49.403927,2026-04-24 15:39:49.404737,Finance,125.48116879160543,98.63221914298506,-0.011726620147378897,928.2146133025248,908.7099799105629,0.707
KPI-0061,Gross Margin,2025-10-03 19:39:49.403916,2026-04-24 12:39:49.404739,Logistics,,106.05946152755328,0.1183711705832771,928.916410444701,1061.3304727888694,0.759
KPI-0062,Gross Margin,2025-06-05 19:39:49.403927,2026-04-24 15:39:49.404741,Logistics,97.26057339847574,109.986810680581,0.0027840373068229018,953.2026129912168,992.5738158333409,0.866
KPI-0063,NPS Score,2026-01-01 19:39:49.403903,2026-04-24 18:39:49.404743,Operations,169.31911058739897,128.28502572096588,-0.13191912256980015,783.2403832186426,973.3822766055047,0.707
KPI-0064,OTIF Rate,2026-01-01 19:39:49.403903,2026-04-24 17:39:49.404745,Operations,115.41950061979614,143.95454406892543,0.1655795416898565,982.0135566902428,1034.0197788611772,0.992
KPI-0065,Gross Margin,2025-07-05 19:39:49.403924,2026-04-24 18:39:49.404747,Logistics,103.19427237302844,87.8271264262929,-0.051664414070384156,865.282068020284,924.145406865503,0.75
KPI-0066,OTIF Rate,2026-01-31 19:39:49.403898,2026-04-24 14:39:49.404749,Commercial,148.5452993490649,106.1222223792764,0.003959335529838257,1012.946865191969,1178.0324169450469,0.982
KPI-0067,Net Revenue,2026-01-31 19:39:49.403898,2026-04-24 14:39:49.404751,Finance,77.94194316130783,101.28460582327044,0.02692400536673664,1057.7567984646903,1105.0924999672336,0.927
KPI-0068,OTIF Rate,2025-08-04 19:39:49.403921,2026-04-24 15:39:49.404753,Logistics,99.63567535615911,115.57702817906382,0.0694994450704894,955.064777791212,1036.5578665907929,0.995
KPI-0069,Net Revenue,2025-06-05 19:39:49.403927,2026-04-24 13:39:49.404755,Commercial,92.56605105169537,137.53385886451912,0.03798124837169151,880.714068418047,1025.580803852049,0.72
KPI-0070,OTIF Rate,2025-08-04 19:39:49.403921,2026-04-24 13:39:49.404757,Finance,67.73457164730522,111.40491668273276,-0.01106790335310788,1141.6573545128172,1004.1953594430066,0.728
KPI-0071,Gross Margin,2026-04-01 19:39:49.403864,2026-04-24 12:39:49.404758,Commercial,124.76268498167293,98.18995123924202,-0.0009006964972193,998.903931214268,948.0892459936191,0.984
KPI-0072,Gross Margin,2025-08-04 19:39:49.403921,2026-04-24 16:39:49.404761,Finance,107.37612578196814,130.1676687095556,-0.05576464795906678,855.6310355337286,1050.5814107527106,0.709
KPI-0073,EBITDA %,2026-01-01 19:39:49.403903,2026-04-24 17:39:49.404762,Operations,116.69857990372265,104.73013865127844,-0.08308666580183538,812.4436809365112,957.6390477703989,0.763
KPI-0074,OTIF Rate,2026-04-01 19:39:49.403864,2026-04-24 17:39:49.404764,Logistics,116.29136869398215,106.61469106376677,-0.024334554937326152,994.7092086327126,1164.1882554456788,0.762
KPI-0075,EBITDA %,2025-05-06 19:39:49.403930,2026-04-24 13:39:49.404766,Commercial,57.73495399668052,121.71490236361406,0.12405971215914732,909.4198337029558,1143.5276596935878,0.858
KPI-0076,OTIF Rate,2025-08-04 19:39:49.403921,2026-04-24 13:39:49.404768,Operations,,83.26480077943847,-0.0849717310943654,816.970803084111,1022.0563815822582,0.952
KPI-0077,Net Revenue,2025-06-05 19:39:49.403927,2026-04-24 18:39:49.404771,Finance,81.25012621141798,81.98813317293128,-0.10573415052221846,959.3099341381129,1092.5117466197219,0.913
KPI-0078,Gross Margin,2025-05-06 19:39:49.403930,2026-04-24 15:39:49.404772,Finance,124.44358362885386,89.68332971961476,0.014369467944151742,798.9328712732831,849.5458755991962,0.783
KPI-0079,NPS Score,2025-08-04 19:39:49.403921,2026-04-24 17:39:49.404774,Finance,68.75288609222432,104.0863029343391,0.08189978419686776,959.3112793065267,1016.6067973353682,0.853
KPI-0080,Net Revenue,2025-12-02 19:39:49.403908,2026-04-24 13:39:49.404776,Logistics,109.14275869433575,130.5144640274813,-0.053851264553662716,981.5415703892112,824.7318484282623,0.937
KPI-0081,Gross Margin,2026-01-31 19:39:49.403898,2026-04-24 15:39:49.404778,Commercial,84.33078898531333,96.41733802643532,-0.07790121356961255,847.2293710839754,1010.3551692063888,0.738
KPI-0082,OTIF Rate,2026-03-02 19:39:49.403890,2026-04-24 13:39:49.404780,Finance,105.69745000358816,99.49935436901958,0.029355898145298435,989.6609473802317,919.4824601768822,0.76
KPI-0083,Net Revenue,2025-09-03 19:39:49.403919,2026-04-24 15:39:49.404782,Operations,96.15638666267216,113.40993364335938,0.013486830435405623,857.6913486966538,1090.513109576345,0.786
KPI-0084,Gross Margin,2025-09-03 19:39:49.403919,2026-04-24 14:39:49.404784,Finance,107.26729040921323,91.2054889601576,0.1214884898943137,944.6710830111989,1008.0383407414834,0.856
KPI-0085,NPS Score,2025-05-06 19:39:49.403930,2026-04-24 16:39:49.404786,Finance,94.38769517612103,100.4202543934866,0.09641312818064965,761.7361210284259,962.6664987272892,0.993
KPI-0086,Net Revenue,2026-01-31 19:39:49.403898,2026-04-24 15:39:49.404788,Operations,88.07811205380844,109.15635093858309,-0.10114015335968178,958.8285991903084,964.3184581406088,0.992
KPI-0087,Gross Margin,2025-05-06 19:39:49.403930,2026-04-24 14:39:49.404790,Commercial,131.32053627233967,121.31597646576313,-0.08262105379178296,1076.091238942202,780.3201003141306,0.951
KPI-0088,Net Revenue,2026-01-31 19:39:49.403898,2026-04-24 12:39:49.404792,Commercial,131.31123557153137,128.8383323291606,-0.22325342162881748,768.2272242702701,1088.381888638799,0.768
KPI-0089,NPS Score,2025-11-02 19:39:49.403913,2026-04-24 17:39:49.404794,Logistics,147.60915639475436,106.78360779756997,0.015522815946411795,1036.076362924274,1137.8590872893271,0.998
KPI-0090,Net Revenue,2026-04-01 19:39:49.403864,2026-04-24 13:39:49.404796,Operations,101.34477507407246,104.0423134424631,-0.061299803235936,880.459877326994,1077.9800188314323,0.914
KPI-0091,Net Revenue,2026-03-02 19:39:49.403890,2026-04-24 15:39:49.404798,Operations,98.07610093303948,105.71000637403829,0.1586701360547035,1055.6189584144208,950.3058972940524,0.998
KPI-0092,Net Revenue,2026-01-01 19:39:49.403903,2026-04-24 14:39:49.404799,Operations,102.72216760027908,114.08078997367966,-0.04009619532150986,1156.6416711174775,913.1380839817716,0.992
KPI-0093,NPS Score,2025-06-05 19:39:49.403927,2026-04-24 17:39:49.404802,Operations,83.84741226333503,139.36082704281384,-0.026540199341810622,959.2914707508359,832.4566001320876,0.805
KPI-0094,OTIF Rate,2025-09-03 19:39:49.403919,2026-04-24 15:39:49.404804,Operations,70.12257768122318,153.49580613801464,-0.05619524197450619,1013.9872956242949,961.3006787467584,0.709
KPI-0095,Net Revenue,2026-04-01 19:39:49.403864,2026-04-24 17:39:49.404806,Finance,87.51895332460369,146.97979181618413,0.007148046422491519,993.1900476969344,769.0524549213742,0.888
KPI-0096,EBITDA %,2026-01-31 19:39:49.403898,2026-04-24 17:39:49.404809,Operations,82.6511584034049,131.31982340192877,0.10798731796107408,1064.439940420736,786.2541660986857,0.983
KPI-0097,Net Revenue,2025-10-03 19:39:49.403916,2026-04-24 12:39:49.404810,Logistics,115.09065043975438,89.55688020272265,-0.16860037426797767,922.1079257413088,1096.702882639391,0.712
KPI-0098,Net Revenue,2025-10-03 19:39:49.403916,2026-04-24 18:39:49.404813,Logistics,120.64131665700413,114.34996813669464,0.08944507900420824,1029.1166796780576,1160.161074901997,0.87
KPI-0099,NPS Score,2025-11-02 19:39:49.403913,2026-04-24 12:39:49.404814,Operations,52.192355518867835,102.69132142083576,-0.1569957583714381,864.6865534756441,937.7801061678371,0.749
KPI-0100,OTIF Rate,2025-07-05 19:39:49.403924,2026-04-24 13:39:49.404817,Finance,81.26778857149866,107.26266109420547,-0.02362319998205521,1083.7919767399208,1047.1227983678045,0.821
KPI-0101,NPS Score,2025-12-02 19:39:49.403908,2026-04-24 18:39:49.404819,Logistics,110.90376516233619,144.80359397685334,-0.08675706072169533,821.9566370271183,950.6465068814116,0.91
KPI-0102,NPS Score,2025-11-02 19:39:49.403913,2026-04-24 17:39:49.404820,Logistics,104.73991637308205,136.57283918624336,-0.08260989510617549,893.2948713619587,1117.764712262503,0.72
KPI-0103,EBITDA %,2025-11-02 19:39:49.403913,2026-04-24 15:39:49.404823,Operations,95.9558217357031,126.94121781804698,-0.11103380604043217,872.7701219130199,1022.7253425052699,0.991
KPI-0104,OTIF Rate,2025-06-05 19:39:49.403927,2026-04-24 15:39:49.404824,Operations,95.22802423684877,162.31631339614964,0.03129005920250103,995.2209539366946,1061.6406441874772,0.734
KPI-0105,OTIF Rate,2025-07-05 19:39:49.403924,2026-04-24 17:39:49.404827,Finance,109.63958829145292,126.52720179280234,-0.035943627184653125,1041.34382108735,818.2925298688444,0.812
KPI-0106,Net Revenue,2026-01-31 19:39:49.403898,2026-04-24 14:39:49.404828,Finance,111.11097798292947,139.74634853103225,0.042644166714796865,1013.455663862117,990.6348818412774,0.83
KPI-0107,NPS Score,2025-08-04 19:39:49.403921,2026-04-24 14:39:49.404830,Operations,68.50096986633869,121.11860492024542,0.05261931353820087,885.8144424267032,947.3385040044951,0.757
KPI-0108,Net Revenue,2025-05-06 19:39:49.403930,2026-04-24 14:39:49.404832,Finance,56.41457708919428,113.96472096538322,-0.022249001473630212,1124.9344146967467,1137.0551343838638,0.752
KPI-0109,NPS Score,2025-08-04 19:39:49.403921,2026-04-24 16:39:49.404835,Commercial,98.9673968565912,150.61528268337167,0.052316794091003656,1089.6591249517874,945.4154842686831,0.733
KPI-0110,EBITDA %,2026-01-31 19:39:49.403898,2026-04-24 15:39:49.404837,Logistics,,94.33141246615375,0.005751706682814364,981.658872110973,975.1041962137158,0.92
KPI-0111,OTIF Rate,2026-01-31 19:39:49.403898,2026-04-24 14:39:49.404839,Logistics,90.0049360560528,77.75521376327191,-0.0384705333793403,876.4694329831801,814.0465265294715,0.733
KPI-0112,EBITDA %,2025-09-03 19:39:49.403919,2026-04-24 13:39:49.404841,Commercial,155.4777904078491,90.77774427099868,0.07317168364612324,787.421847702703,1015.3170548954229,0.92
KPI-0113,Net Revenue,2026-03-02 19:39:49.403890,2026-04-24 12:39:49.404843,Commercial,121.71252596946002,100.8631620586952,0.11794929021898565,1033.6067990003814,1010.3020998089306,0.801
KPI-0114,EBITDA %,2025-10-03 19:39:49.403916,2026-04-24 16:39:49.404845,Operations,,128.33346897059033,0.10052753368673431,912.3000295756347,971.0602129212571,0.983
KPI-0115,EBITDA %,2025-05-06 19:39:49.403930,2026-04-24 12:39:49.404847,Logistics,57.779871377380005,135.16421171955494,-0.1362044594555355,1064.4176469035754,1127.411584320967,0.903
KPI-0116,Gross Margin,2026-01-01 19:39:49.403903,2026-04-24 18:39:49.404849,Logistics,119.32518697310061,94.30628750108335,0.005016580762769061,1073.2239233424727,1001.9934529573421,0.795
KPI-0117,OTIF Rate,2025-12-02 19:39:49.403908,2026-04-24 17:39:49.404851,Logistics,80.07439570992825,97.85041128377802,0.10425742981719481,896.6700438686706,937.0810351283275,0.891
KPI-0118,NPS Score,2026-01-31 19:39:49.403898,2026-04-24 12:39:49.404852,Logistics,86.6293963411589,101.18037391191426,-0.09820212102532266,951.244296044529,919.9455069180874,0.739
KPI-0119,Net Revenue,2025-06-05 19:39:49.403927,2026-04-24 14:39:49.404855,Logistics,81.76649134555541,110.94922997173056,-0.007628252489440754,946.3130913655574,1074.9242613280303,0.773
KPI-0120,Gross Margin,2026-04-01 19:39:49.403864,2026-04-24 18:39:49.404857,Commercial,69.10928898057344,110.11274597210927,-0.06007842634576696,1123.3974395847517,837.8958165761533,0.76
KPI-0121,Gross Margin,2026-04-01 19:39:49.403864,2026-04-24 18:39:49.404859,Commercial,87.65004834334887,117.32302450890585,0.021486038675878484,905.6390462641276,933.7017003202286,0.891
KPI-0122,EBITDA %,2025-07-05 19:39:49.403924,2026-04-24 15:39:49.404860,Finance,87.35182663259579,91.15991571046467,0.23367958716979195,1027.8358006552642,987.3252531229297,0.72
KPI-0123,Net Revenue,2025-10-03 19:39:49.403916,2026-04-24 13:39:49.404862,Operations,79.66440209186712,88.57728220840123,-0.0007240246776294022,958.2599814203747,958.954574290821,0.851
KPI-0124,NPS Score,2026-03-02 19:39:49.403890,2026-04-24 18:39:49.404864,Commercial,84.81081174877599,92.65437366356085,-0.013433789009845687,1135.353033697046,992.6636239937096,0.882
KPI-0125,OTIF Rate,2025-07-05 19:39:49.403924,2026-04-24 16:39:49.404866,Operations,145.24307730849824,110.88253708361502,0.17797320936218822,870.2034865727122,1113.1295097080288,0.945
KPI-0126,Net Revenue,2025-09-03 19:39:49.403919,2026-04-24 14:39:49.404868,Logistics,118.47434105182697,85.60987975467492,0.01582618541909317,824.8220210186656,972.9502856026089,0.724
KPI-0127,OTIF Rate,2025-09-03 19:39:49.403919,2026-04-24 13:39:49.404871,Commercial,96.73186910204022,91.98207463205631,-0.05023960478750475,724.084961421659,900.3305743156402,0.99
KPI-0128,Gross Margin,2026-01-31 19:39:49.403898,2026-04-24 16:39:49.404872,Logistics,57.46813803881587,120.25661438956985,-0.13209482288141441,969.6400270239452,1153.8962942041865,0.88
KPI-0129,Gross Margin,2026-04-01 19:39:49.403864,2026-04-24 13:39:49.404874,Finance,,139.3978603791919,0.08681030861252655,978.4062779545786,972.2837889098564,0.773
KPI-0130,NPS Score,2025-10-03 19:39:49.403916,2026-04-24 14:39:49.404876,Finance,145.86179548474524,117.77543917543314,-0.0951055389261952,923.8085440651673,1042.3457700244328,0.725
KPI-0131,OTIF Rate,2025-07-05 19:39:49.403924,2026-04-24 12:39:49.404878,Operations,143.2607756916717,88.2521173479357,-0.015931156329305328,1058.7652691624935,1147.801870140634,0.893
KPI-0132,NPS Score,2026-03-02 19:39:49.403890,2026-04-24 15:39:49.404880,Finance,96.64100034307243,123.84687120753085,0.0343400393615198,1132.2904150539828,928.0145279968546,0.895
KPI-0133,OTIF Rate,2025-09-03 19:39:49.403919,2026-04-24 17:39:49.404882,Finance,108.66395543928479,98.55053182606034,0.05072480407174121,856.7299720157491,1178.3750144179483,0.739
KPI-0134,OTIF Rate,2025-12-02 19:39:49.403908,2026-04-24 12:39:49.404884,Logistics,72.33530768200978,138.06510746117385,-0.13155209987273384,922.463387106956,1178.3361631352554,0.794
KPI-0135,OTIF Rate,2025-08-04 19:39:49.403921,2026-04-24 13:39:49.404886,Finance,106.62449442661486,118.61862084239401,-0.08649919357083428,746.8230836048008,926.9251585386806,0.73
KPI-0136,EBITDA %,2025-09-03 19:39:49.403919,2026-04-24 17:39:49.404888,Commercial,117.16316165737173,93.01974104086473,0.017494279829522,956.9888480954062,942.7271461684005,0.96
KPI-0137,EBITDA %,2025-06-05 19:39:49.403927,2026-04-24 13:39:49.404890,Logistics,112.64953575842836,112.41121513361834,-0.12696847163369016,873.3556151475805,1073.5636318652878,0.773
KPI-0138,NPS Score,2025-07-05 19:39:49.403924,2026-04-24 16:39:49.404892,Finance,129.38911000285322,81.98064575126729,0.05439430236146779,898.2181656918797,1144.9832492713917,0.836
KPI-0139,Net Revenue,2026-01-01 19:39:49.403903,2026-04-24 14:39:49.404894,Commercial,116.48703002863667,113.47778205587585,-0.1067555361606481,931.3947769224084,1082.8913988981394,0.893
KPI-0140,NPS Score,2025-05-06 19:39:49.403930,2026-04-24 16:39:49.404896,Commercial,59.17721217447292,104.68658158866108,-0.023721285488562355,1007.5124856175521,995.8738404728238,0.758
KPI-0141,EBITDA %,2025-10-03 19:39:49.403916,2026-04-24 14:39:49.404897,Operations,90.4409543133252,152.0273699757714,-0.04092478694262375,916.9450967207243,1053.4981957501254,0.907
KPI-0142,NPS Score,2025-06-05 19:39:49.403927,2026-04-24 18:39:49.404900,Logistics,124.88412839809477,114.19359920362116,0.06303152003639831,1185.4636153840324,1071.277333305507,0.858
KPI-0143,NPS Score,2025-12-02 19:39:49.403908,2026-04-24 17:39:49.404902,Commercial,59.21009144334392,111.20034660544121,-0.042202190980144466,935.7536182010009,1031.4438447380085,0.906
KPI-0144,OTIF Rate,2026-01-31 19:39:49.403898,2026-04-24 12:39:49.404903,Operations,101.71461955039074,62.26299338451305,0.05643581267731266,776.957335362617,954.9396896063294,0.921
KPI-0145,Net Revenue,2026-03-02 19:39:49.403890,2026-04-24 16:39:49.404906,Logistics,89.37194066660103,122.65020229357445,0.09165221002438731,857.3653355112849,1081.7771264560472,0.772
KPI-0146,Gross Margin,2026-01-31 19:39:49.403898,2026-04-24 18:39:49.404907,Operations,69.05105585777801,133.37655896119276,-0.0036399133182816817,1019.5505601782937,973.8228316684917,0.703
KPI-0147,OTIF Rate,2025-08-04 19:39:49.403921,2026-04-24 14:39:49.404909,Operations,123.51845475531465,133.51695238090917,0.019123092324655155,1024.8432317573877,811.0744842420348,0.75
KPI-0148,NPS Score,2026-01-01 19:39:49.403903,2026-04-24 17:39:49.404911,Commercial,80.38109601602581,107.52442924146749,-0.0561376643285925,943.4541613516798,863.7308677880569,0.872
KPI-0149,EBITDA %,2025-06-05 19:39:49.403927,2026-04-24 16:39:49.404913,Logistics,152.9502965773329,97.6871682339277,-0.08899601431799826,943.9073935222133,1129.7684174236392,0.862
KPI-0150,Gross Margin,2025-05-06 19:39:49.403930,2026-04-24 18:39:49.404917,Commercial,94.64195606429071,134.85446163467117,-0.1033505817607734,966.6818723886927,893.3442065426167,0.949
KPI-0151,OTIF Rate,2025-08-04 19:39:49.403921,2026-04-24 13:39:49.404920,Logistics,126.87204788658224,108.26464701093859,0.007705767185071038,1023.8569341680409,1010.8879639287026,0.741
KPI-0152,NPS Score,2025-05-06 19:39:49.403930,2026-04-24 18:39:49.404923,Logistics,,109.27685740378692,-0.04627453112610889,939.6962857410296,1128.1270254832687,0.723
KPI-0153,NPS Score,2025-09-03 19:39:49.403919,2026-04-24 15:39:49.404927,Commercial,108.22837371518278,103.37504619620353,0.03346391576154567,793.2658467913714,1018.0917682800948,0.882
KPI-0154,NPS Score,2025-05-06 19:39:49.403930,2026-04-24 16:39:49.404930,Logistics,102.10451929452148,65.06038025768117,-0.0239066959099539,858.3974476505969,1230.5512370644628,0.885
KPI-0155,NPS Score,2026-01-01 19:39:49.403903,2026-04-24 14:39:49.404933,Logistics,119.20530450289753,93.57947323759923,-0.040539239749600844,872.7280206470481,990.6335293421988,0.937
KPI-0156,NPS Score,2025-08-04 19:39:49.403921,2026-04-24 17:39:49.404937,Logistics,,111.9639018571829,-0.015921173768255036,802.0622307749601,918.0033025057629,0.792
KPI-0157,OTIF Rate,2026-03-02 19:39:49.403890,2026-04-24 13:39:49.404940,Commercial,108.14523832781828,121.99243368587014,-0.17063615487293593,796.4111903228606,856.0221422999723,0.707
KPI-0158,NPS Score,2025-11-02 19:39:49.403913,2026-04-24 12:39:49.404943,Operations,82.49922212825248,109.38098433526912,0.07305875247880908,981.8875902100079,815.1153453716979,0.973
KPI-0159,Gross Margin,2025-12-02 19:39:49.403908,2026-04-24 17:39:49.404945,Logistics,63.98905481662385,120.77787802879543,-0.02913622532835655,936.0958980851595,1154.7176195232573,0.804
KPI-0160,Gross Margin,2025-07-05 19:39:49.403924,2026-04-24 12:39:49.404947,Operations,,75.74219561592307,-0.031813888470859794,1023.7034970130542,888.7690022588965,0.856
KPI-0161,NPS Score,2025-12-02 19:39:49.403908,2026-04-24 15:39:49.404949,Finance,74.81022414860959,90.90849954708438,0.12701083143798625,1150.3925051276667,839.1190467205266,0.753
KPI-0162,EBITDA %,2025-06-05 19:39:49.403927,2026-04-24 17:39:49.404951,Finance,123.14336992398418,156.0513026192951,-0.025887108137011672,1032.9215233696516,964.3683648064898,0.764
KPI-0163,Net Revenue,2025-06-05 19:39:49.403927,2026-04-24 15:39:49.404953,Finance,131.55296084123222,124.13732000021753,0.0466356524470462,1021.8572935246971,941.7867895295782,0.999
KPI-0164,OTIF Rate,2026-01-01 19:39:49.403903,2026-04-24 17:39:49.404955,Finance,114.58096189015521,137.0858683706243,-0.15784926216059783,763.8446177751255,933.7132255487843,0.739
KPI-0165,Net Revenue,2026-01-01 19:39:49.403903,2026-04-24 15:39:49.404957,Operations,98.55352556711154,104.56631680945438,-0.051207387708149955,1010.4083130196022,1129.6711306002283,0.949
KPI-0166,Net Revenue,2026-01-01 19:39:49.403903,2026-04-24 16:39:49.404959,Logistics,115.43653507208214,130.6214183345072,0.09178528639786249,936.8471363027576,1022.7087362622468,0.909
KPI-0167,OTIF Rate,2025-10-03 19:39:49.403916,2026-04-24 14:39:49.404961,Commercial,100.70744618722891,129.84098262749396,0.06936311672531105,1081.8731232671919,1087.499612144169,0.935
KPI-0168,OTIF Rate,2025-05-06 19:39:49.403930,2026-04-24 15:39:49.404963,Commercial,93.47324243887675,153.1284612135904,0.053537296879034746,791.3067568722024,1229.6084244749577,0.747
KPI-0169,OTIF Rate,2025-06-05 19:39:49.403927,2026-04-24 18:39:49.404964,Operations,89.07179308005726,118.91205950559412,-0.06509142191095474,1046.2447287496109,920.8599481972591,0.873
KPI-0170,Gross Margin,2025-09-03 19:39:49.403919,2026-04-24 15:39:49.404966,Finance,102.91871765840814,89.08071288063243,0.01814755218031936,871.6505205922809,1023.3495212197333,0.705
KPI-0171,Net Revenue,2025-09-03 19:39:49.403919,2026-04-24 12:39:49.404968,Finance,100.47251858210095,94.72229160116981,-0.03143636547209337,821.2783475697158,861.0078219430208,0.893
KPI-0172,Gross Margin,2025-05-06 19:39:49.403930,2026-04-24 16:39:49.404970,Finance,131.12346441370968,116.09048245478593,0.02743914371910722,1185.3176243222647,1154.0589587829688,0.763
KPI-0173,Gross Margin,2026-01-01 19:39:49.403903,2026-04-24 18:39:49.404972,Operations,114.36244612993545,57.852826688063,0.07055366480753285,950.9654824329178,979.5803916713062,0.708
KPI-0174,EBITDA %,2025-09-03 19:39:49.403919,2026-04-24 17:39:49.404974,Finance,66.93783444710981,118.26155766111636,0.015493664174227055,928.7022908994314,691.9193250712118,0.999
KPI-0175,Gross Margin,2025-12-02 19:39:49.403908,2026-04-24 15:39:49.404976,Operations,112.53603782487326,121.24489198240403,0.08383704659108278,877.8154926842741,866.9032371722968,0.721
KPI-0176,NPS Score,2025-05-06 19:39:49.403930,2026-04-24 13:39:49.404978,Logistics,102.43471048736893,139.62931706203932,0.08871475735254453,904.190635673451,1149.078018760181,0.787
KPI-0177,Gross Margin,2025-10-03 19:39:49.403916,2026-04-24 17:39:49.404980,Finance,107.173856945223,73.66621474855009,-0.09490359648617097,894.0277279520208,817.561233067434,0.815
KPI-0178,Net Revenue,2025-10-03 19:39:49.403916,2026-04-24 15:39:49.404982,Logistics,93.90339629954579,87.79598141552404,-0.1550714920843178,912.7283634246805,990.1292470953075,0.839
KPI-0179,EBITDA %,2025-07-05 19:39:49.403924,2026-04-24 14:39:49.404984,Logistics,,112.32163914726084,0.08227267574563606,924.5568671158419,1049.562965266324,0.809
KPI-0180,OTIF Rate,2025-07-05 19:39:49.403924,2026-04-24 18:39:49.404986,Finance,141.27687351542903,109.13312250511201,0.006401745067979366,911.3603924858802,1056.4682021421088,0.929
KPI-0181,OTIF Rate,2025-12-02 19:39:49.403908,2026-04-24 13:39:49.404988,Operations,90.95834418850723,110.40650584506463,0.11282751317661158,813.2701024571024,1256.028437164028,0.777
KPI-0182,Net Revenue,2025-10-03 19:39:49.403916,2026-04-24 13:39:49.404990,Operations,84.19418274837952,129.50215917741076,0.02767711545102919,943.6518432170394,992.1881670213291,0.752
KPI-0183,OTIF Rate,2025-12-02 19:39:49.403908,2026-04-24 18:39:49.404992,Finance,82.60324939283774,116.9305690555962,0.12744200478942286,973.8760210453657,903.6541706057302,0.864
KPI-0184,OTIF Rate,2025-06-05 19:39:49.403927,2026-04-24 16:39:49.404994,Operations,73.42351225801653,140.710457110189,0.06124932495831075,1034.7640009269164,912.2926959126555,0.838
KPI-0185,NPS Score,2026-04-01 19:39:49.403864,2026-04-24 15:39:49.404996,Finance,115.14339889551457,134.07414682333723,0.03139517449561572,1072.0563644736383,1116.5795357344032,0.793
KPI-0186,NPS Score,2025-12-02 19:39:49.403908,2026-04-24 13:39:49.404998,Finance,129.47073528027053,96.53363359820032,-0.03196245350477545,902.8961320923597,754.4976638495034,0.765
KPI-0187,Gross Margin,2025-07-05 19:39:49.403924,2026-04-24 14:39:49.404999,Operations,85.22883648428763,116.03103088988482,-0.04194571470231049,982.6096716918796,1023.4406201298953,0.902
KPI-0188,Gross Margin,2025-10-03 19:39:49.403916,2026-04-24 13:39:49.405001,Operations,113.34724043790385,121.3963945495196,-0.14248221652715365,1030.8799282648413,1164.290150668103,0.985
KPI-0189,OTIF Rate,2025-08-04 19:39:49.403921,2026-04-24 17:39:49.405003,Finance,,148.0729455668739,0.05024469333951237,874.9447339565645,1009.0436667952691,0.724
KPI-0190,EBITDA %,2026-01-31 19:39:49.403898,2026-04-24 18:39:49.405005,Finance,105.72351322390806,114.66882723397076,-0.06636213869443928,967.4887710159276,1131.7355796411262,0.762
KPI-0191,NPS Score,2025-07-05 19:39:49.403924,2026-04-24 14:39:49.405007,Commercial,100.51808969635114,121.79351208143608,-0.021971285859942097,981.6351199455873,785.917601581435,0.966
KPI-0192,Gross Margin,2025-07-05 19:39:49.403924,2026-04-24 16:39:49.405009,Logistics,83.6129218559917,100.76109197290701,-0.003346520734023144,726.0824999321069,1127.6203377217053,0.766
KPI-0193,NPS Score,2026-01-31 19:39:49.403898,2026-04-24 12:39:49.405011,Logistics,115.58877353791846,121.03238333444804,-0.044389243578260455,941.1152097942944,1020.5088331741549,0.806
KPI-0194,Gross Margin,2026-01-01 19:39:49.403903,2026-04-24 14:39:49.405013,Finance,94.11084383280478,88.69558950793288,0.014304139681345434,958.4499634081116,946.0207058694278,0.875
KPI-0195,NPS Score,2025-10-03 19:39:49.403916,2026-04-24 13:39:49.405015,Finance,115.06086566767456,97.02010015497538,-0.1960047123223205,859.4418749114143,947.6188558736844,0.701
KPI-0196,Gross Margin,2026-04-01 19:39:49.403864,2026-04-24 13:39:49.405017,Finance,87.21570512427085,135.4923351293813,0.0017761069538049276,1054.0578591817214,1174.2884728148435,0.709
KPI-0197,EBITDA %,2026-01-01 19:39:49.403903,2026-04-24 17:39:49.405019,Logistics,108.13748613500415,127.34709360530763,0.05273365505510837,1150.9712906571672,916.7214181122622,0.759
KPI-0198,NPS Score,2026-01-31 19:39:49.403898,2026-04-24 15:39:49.405021,Finance,127.2548764014634,137.35956723703012,-0.14254385181632187,985.0631976947457,921.9055129482563,0.947
KPI-0199,Gross Margin,2025-11-02 19:39:49.403913,2026-04-24 16:39:49.405023,Logistics,112.09603993079035,155.39309233106087,-0.056753235555007955,803.4962308649009,1161.4699176076867,0.713
KPI-0200,Gross Margin,2025-06-05 19:39:49.403927,2026-04-24 15:39:49.405025,Finance,84.09796404816888,129.02365964534607,0.11184193396238654,918.3581460754043,1030.022428225357,0.902
KPI-0201,Net Revenue,2025-08-04 19:39:49.403921,2026-04-24 15:39:49.405027,Operations,72.62554174446852,115.11867844685258,-0.00802746696563693,835.6828892617709,1049.6359566024387,0.82
KPI-0202,Gross Margin,2025-11-02 19:39:49.403913,2026-04-24 18:39:49.405029,Finance,101.78636757293913,99.02683422371054,-0.058113488285457676,1186.5010505846703,896.9120473362051,0.756
KPI-0203,OTIF Rate,2025-06-05 19:39:49.403927,2026-04-24 13:39:49.405031,Commercial,134.71303152876646,99.40681519539321,0.06113135194730154,880.2246591884916,895.4084318309917,0.768
KPI-0204,OTIF Rate,2026-03-02 19:39:49.403890,2026-04-24 18:39:49.405035,Logistics,119.79301050877824,110.52734282127894,-0.09225546289904225,965.4226847116619,1175.9710641458348,0.804
KPI-0205,Net Revenue,2026-03-02 19:39:49.403890,2026-04-24 14:39:49.405038,Operations,149.45179778761144,109.02284881108493,-0.08504794544738246,1076.105675733667,1033.423211242809,0.876
KPI-0206,EBITDA %,2025-09-03 19:39:49.403919,2026-04-24 17:39:49.405041,Commercial,168.52256206223007,127.53677104107896,-0.07756339470929484,844.2044587890907,997.1757631088476,0.936
KPI-0207,NPS Score,2025-09-03 19:39:49.403919,2026-04-24 15:39:49.405045,Finance,97.50973784448948,92.54888154870524,0.1122756389674723,858.1317511696152,966.5945292724126,0.863
KPI-0208,NPS Score,2025-05-06 19:39:49.403930,2026-04-24 15:39:49.405048,Finance,115.8747588691951,98.90775736492407,-0.0846209696000558,1091.7799035902838,983.8941308062753,0.799
KPI-0209,NPS Score,2025-06-05 19:39:49.403927,2026-04-24 18:39:49.405051,Finance,99.91883812138441,117.33381817748325,-0.006427801801989489,1087.9988969734381,920.7279703570388,0.794
KPI-0210,OTIF Rate,2025-08-04 19:39:49.403921,2026-04-24 15:39:49.405055,Commercial,86.416059055477,80.60138574161587,0.0935053331219704,829.8347222855409,1038.4403155367536,0.931
KPI-0211,NPS Score,2025-11-02 19:39:49.403913,2026-04-24 15:39:49.405059,Logistics,111.06065185857003,139.43079314122008,-0.08311923446196141,824.386248833606,932.4974519997124,0.71
KPI-0212,OTIF Rate,2025-09-03 19:39:49.403919,2026-04-24 18:39:49.405063,Logistics,106.37897845591293,127.3925414332385,-0.14455609968161967,1014.393613362106,957.0562900258195,0.759
KPI-0213,Net Revenue,2026-01-01 19:39:49.403903,2026-04-24 14:39:49.405066,Finance,98.82235775397899,114.22234374585152,0.17308675318388056,1013.3992051822358,1045.4666257898718,0.876
KPI-0214,OTIF Rate,2025-09-03 19:39:49.403919,2026-04-24 12:39:49.405069,Finance,91.2195006050753,89.6529404341068,0.010562332985147223,877.6723901496247,1140.3256241924798,0.887
KPI-0215,Net Revenue,2025-12-02 19:39:49.403908,2026-04-24 17:39:49.405071,Commercial,103.41403763860455,107.30164065706388,-0.053168089587136626,979.1244356032067,1122.2454282433105,0.902
KPI-0216,OTIF Rate,2025-10-03 19:39:49.403916,2026-04-24 18:39:49.405073,Operations,90.85197030895718,124.36070843445263,-0.01332748034655945,813.1362172257245,933.5873182198087,0.75
KPI-0217,NPS Score,2025-11-02 19:39:49.403913,2026-04-24 14:39:49.405075,Logistics,96.58397919872314,97.50630011945164,0.06108281238258928,1007.4681396193525,977.4316918632421,0.999
KPI-0218,OTIF Rate,2025-11-02 19:39:49.403913,2026-04-24 12:39:49.405077,Operations,72.42691309707585,77.235961416127,-0.12802925483300442,975.4610790802265,828.8730363341564,0.972
KPI-0219,Net Revenue,2025-09-03 19:39:49.403919,2026-04-24 12:39:49.405078,Logistics,,119.42050771347377,-0.03898948178031843,748.0660929113697,1060.9482365092229,0.897
KPI-0220,EBITDA %,2026-01-01 19:39:49.403903,2026-04-24 12:39:49.405081,Commercial,86.57593286624768,116.3732587561086,0.06552292855407645,902.1649278507598,1072.1940549229216,0.784
KPI-0221,Net Revenue,2025-05-06 19:39:49.403930,2026-04-24 17:39:49.405082,Operations,105.02663627703376,100.35057354291874,0.12050321216935517,907.9248345650994,998.8683562934856,0.938
KPI-0222,EBITDA %,2025-10-03 19:39:49.403916,2026-04-24 15:39:49.405084,Operations,102.02836599852353,156.94812072690112,0.1196946300085861,1021.4390954697891,1124.878197228622,0.859
KPI-0223,NPS Score,2025-08-04 19:39:49.403921,2026-04-24 12:39:49.405086,Finance,85.24300431912157,93.64120279182355,0.008824188255320496,822.5221642013034,937.8670264238539,0.928
KPI-0224,OTIF Rate,2026-03-02 19:39:49.403890,2026-04-24 13:39:49.405088,Commercial,87.4987312561744,137.89902143328442,0.12353546345671337,1079.0416080519742,1006.9252408126467,0.808
KPI-0225,NPS Score,2025-07-05 19:39:49.403924,2026-04-24 14:39:49.405090,Commercial,105.24217305302152,123.5023104848388,-0.13974128583583612,952.5369070014593,881.1774664315396,0.863
KPI-0226,Gross Margin,2026-04-01 19:39:49.403864,2026-04-24 15:39:49.405092,Operations,88.07425953583315,117.39973406912985,0.011843986332819387,1071.8379735136725,983.7287338335807,0.723
KPI-0227,NPS Score,2026-01-01 19:39:49.403903,2026-04-24 13:39:49.405094,Commercial,76.16102103330925,156.61202608130972,-0.21553528459901286,781.7740654765269,949.3513031015528,0.864
KPI-0228,EBITDA %,2025-09-03 19:39:49.403919,2026-04-24 18:39:49.405096,Operations,117.06399229994304,133.31769354649185,0.11666437436269625,979.2742711089757,1057.6250344909097,0.712
KPI-0229,Gross Margin,2025-10-03 19:39:49.403916,2026-04-24 15:39:49.405098,Commercial,65.95067160607425,96.84416106992107,0.035933826115365095,966.8639515644992,959.3646486601039,0.774
KPI-0230,Gross Margin,2025-12-02 19:39:49.403908,2026-04-24 17:39:49.405100,Commercial,74.01615196804335,98.79482666597251,0.1447346396426045,970.8982340665726,1116.7206016005616,0.956
KPI-0231,EBITDA %,2026-04-01 19:39:49.403864,2026-04-24 12:39:49.405102,Operations,128.04089799695186,94.89108646865301,-0.04957642201447986,988.1528026525527,827.3462285962437,0.945
KPI-0232,Gross Margin,2025-07-05 19:39:49.403924,2026-04-24 15:39:49.405103,Commercial,71.09084361888858,116.41816839832518,-0.11030314440283281,979.4396469093335,1054.0356895492935,0.825
KPI-0233,EBITDA %,2025-08-04 19:39:49.403921,2026-04-24 14:39:49.405105,Operations,137.37516433357095,96.0983115607815,0.06474970892739276,680.548366714638,721.5113890933836,0.824
KPI-0234,Net Revenue,2025-07-05 19:39:49.403924,2026-04-24 16:39:49.405107,Logistics,71.04870830405449,68.08464016584536,-0.013388945605629903,1146.2673665319212,986.1660737054161,0.75
KPI-0235,Net Revenue,2026-01-01 19:39:49.403903,2026-04-24 18:39:49.405109,Logistics,75.89838600238014,100.61027000811882,0.0889855498697426,871.0527323049811,1115.8336131591418,0.949
KPI-0236,EBITDA %,2025-06-05 19:39:49.403927,2026-04-24 13:39:49.405111,Logistics,73.72314389883418,128.74573548898215,0.06351524306563901,878.3535375116318,986.7285111961786,0.759
KPI-0237,Gross Margin,2026-01-31 19:39:49.403898,2026-04-24 18:39:49.405113,Logistics,67.26612772733208,137.55562891541484,-0.024902864267666844,956.7802770459973,1119.3842311181795,0.721
KPI-0238,EBITDA %,2025-11-02 19:39:49.403913,2026-04-24 16:39:49.405115,Logistics,134.9503318526295,127.08895960748991,-0.00258253722320881,1006.772803293594,897.868326336521,0.896
KPI-0239,Net Revenue,2026-04-01 19:39:49.403864,2026-04-24 15:39:49.405117,Operations,130.03982710038568,107.88161067902426,-0.019128428623471926,791.2356522814425,1015.4744490183409,0.972
KPI-0240,Gross Margin,2025-06-05 19:39:49.403927,2026-04-24 18:39:49.405119,Commercial,65.22011167862206,131.50257543621106,0.002161384352358808,770.2540931729991,915.3522598149286,0.967
KPI-0241,Net Revenue,2026-01-01 19:39:49.403903,2026-04-24 13:39:49.405121,Logistics,139.3818104549533,149.47705936565967,-0.041140585507428884,1126.7258818655591,1145.3425114972124,0.976
KPI-0242,Gross Margin,2025-09-03 19:39:49.403919,2026-04-24 13:39:49.405123,Commercial,69.42326153965476,120.94019713506664,0.048933756963867356,908.1337204652725,912.5552858298188,0.75
KPI-0243,OTIF Rate,2025-10-03 19:39:49.403916,2026-04-24 17:39:49.405125,Finance,174.11518204688545,111.2320710235743,-0.13938156839142557,985.5338373174742,899.6080913401024,0.984
KPI-0244,Gross Margin,2025-05-06 19:39:49.403930,2026-04-24 15:39:49.405127,Commercial,96.37481005963097,145.3034900366209,-0.15537213320686502,827.7230928073136,1124.2191936182467,0.725
KPI-0245,OTIF Rate,2026-03-02 19:39:49.403890,2026-04-24 13:39:49.405128,Finance,85.04604889467481,97.7344339061358,-0.03620503494048419,1143.1892559799242,871.7560448738285,0.935
KPI-0246,EBITDA %,2025-11-02 19:39:49.403913,2026-04-24 15:39:49.405130,Commercial,112.53184200309227,125.82005905292543,-0.050689628295339476,1049.824667453459,914.4601699943692,0.898
KPI-0247,OTIF Rate,2025-12-02 19:39:49.403908,2026-04-24 18:39:49.405132,Finance,78.07455472392292,48.804065590205,-0.042379174459940626,882.7121503000922,1052.475269378958,0.81
KPI-0248,Net Revenue,2025-08-04 19:39:49.403921,2026-04-24 16:39:49.405134,Finance,64.72410722580216,102.93714239270643,0.09910948961951908,1133.893127821059,1019.7561101499116,0.925
KPI-0249,EBITDA %,2026-01-31 19:39:49.403898,2026-04-24 16:39:49.405136,Logistics,89.15795475300862,65.77565286771878,0.010186385604537369,1029.8810828836167,926.9946423022544,0.794
KPI-0250,Net Revenue,2026-01-31 19:39:49.403898,2026-04-24 15:39:49.405138,Finance,102.09625351794304,125.75859129839988,0.061883001081365276,1047.359197952391,985.8001909649195,0.7
KPI-0251,OTIF Rate,2025-12-02 19:39:49.403908,2026-04-24 12:39:49.405140,Finance,46.003452644318486,94.63103346326886,0.04138756368763776,1056.1773356829244,1176.2822744281557,0.786
KPI-0252,OTIF Rate,2025-07-05 19:39:49.403924,2026-04-24 18:39:49.405142,Operations,77.65026783457348,123.74306782547109,0.12058815568654913,905.3012548025634,895.9235023131796,0.95
KPI-0253,OTIF Rate,2026-03-02 19:39:49.403890,2026-04-24 13:39:49.405144,Logistics,148.87312553919443,98.97243345539562,-0.05146400885858998,1166.4175429585491,997.3886649194573,0.791
KPI-0254,Net Revenue,2025-08-04 19:39:49.403921,2026-04-24 14:39:49.405146,Finance,99.83398798297434,100.64952855815686,0.04578954512937985,1160.4276230251091,967.9925358201208,0.799
KPI-0255,EBITDA %,2025-10-03 19:39:49.403916,2026-04-24 16:39:49.405148,Operations,40.11622595664633,97.12558130741432,-0.01751678798986376,1165.0323149445921,1097.4626543230893,0.834
KPI-0256,Net Revenue,2025-09-03 19:39:49.403919,2026-04-24 18:39:49.405150,Operations,100.08651269871406,121.74250059809174,-0.08902033831319965,672.6339284307523,874.1216199382254,0.848
KPI-0257,EBITDA %,2025-10-03 19:39:49.403916,2026-04-24 13:39:49.405152,Commercial,108.99109050209293,117.37396089803008,-0.09766749285427614,954.5761733617559,929.4202281716341,0.73
KPI-0258,OTIF Rate,2026-03-02 19:39:49.403890,2026-04-24 13:39:49.405154,Logistics,99.60405734160929,92.76061513290581,-0.017891281876290705,993.642396369255,963.7953336384776,0.954
KPI-0259,Net Revenue,2025-12-02 19:39:49.403908,2026-04-24 12:39:49.405155,Logistics,119.66772927267249,108.85041274335143,0.08422631429082507,912.1629877045139,928.5221378182677,0.756
KPI-0260,NPS Score,2025-11-02 19:39:49.403913,2026-04-24 15:39:49.405157,Operations,92.81162901380713,96.8420193963663,-0.046884842781868684,951.4659098515882,1040.2206492154842,0.794
KPI-0261,Net Revenue,2026-01-01 19:39:49.403903,2026-04-24 17:39:49.405159,Commercial,125.44508450354803,101.11044717102382,-0.04069143369795089,946.5945516617746,1066.8940904887336,0.823
KPI-0262,Gross Margin,2025-05-06 19:39:49.403930,2026-04-24 18:39:49.405161,Operations,99.70922783040186,100.9993102116088,-0.05575762440192256,1111.7537521804772,1039.1601197587404,0.748
KPI-0263,Gross Margin,2025-11-02 19:39:49.403913,2026-04-24 17:39:49.405163,Logistics,102.93319431685669,99.39728480687641,-0.09626161017383092,1095.2770469342806,820.1874324820808,0.94
KPI-0264,Net Revenue,2025-05-06 19:39:49.403930,2026-04-24 12:39:49.405165,Logistics,108.6916326344559,124.43177668901413,-0.039042249758893914,992.1422464307183,963.5555139823949,0.854
KPI-0265,NPS Score,2026-04-01 19:39:49.403864,2026-04-24 18:39:49.405167,Logistics,117.42168461829559,124.17771984861045,0.09029963996888644,1003.4477990899487,972.1272245218181,0.887
KPI-0266,Net Revenue,2025-05-06 19:39:49.403930,2026-04-24 12:39:49.405169,Logistics,,79.15284171918503,0.020877266639911584,953.9385074878804,882.3051114588553,0.813
KPI-0267,Gross Margin,2026-01-01 19:39:49.403903,2026-04-24 14:39:49.405171,Finance,81.42452270897908,105.94200407915262,-0.04585943967017331,1191.6401931853297,908.4330423377835,0.942
KPI-0268,EBITDA %,2025-05-06 19:39:49.403930,2026-04-24 18:39:49.405173,Commercial,140.069383399074,162.77072613290193,-0.03052643168442421,996.0245409794741,1173.9098202549044,0.836
KPI-0269,Gross Margin,2025-11-02 19:39:49.403913,2026-04-24 12:39:49.405174,Logistics,80.43529200672427,136.5511177801585,0.02656922880856054,1160.1573669761488,1077.4124292838305,0.992
KPI-0270,EBITDA %,2025-08-04 19:39:49.403921,2026-04-24 18:39:49.405177,Operations,78.31126032378464,154.2811184347926,-0.04849809069964753,1067.4227261096526,875.5603127009356,0.969
KPI-0271,Net Revenue,2026-01-01 19:39:49.403903,2026-04-24 17:39:49.405178,Commercial,51.38416028519656,90.83476226044408,0.07091316066229146,1021.6764361918,1061.8763280090334,0.862
KPI-0272,Gross Margin,2025-09-03 19:39:49.403919,2026-04-24 17:39:49.405180,Operations,93.63770966934463,103.31212720465368,0.0990407609670914,768.5628605644503,1054.8266944813813,0.944
KPI-0273,OTIF Rate,2025-06-05 19:39:49.403927,2026-04-24 17:39:49.405182,Operations,87.55065948013554,93.7789024018255,-0.0925483372670498,1098.6874721112986,918.4394463387694,0.713
KPI-0274,EBITDA %,2025-06-05 19:39:49.403927,2026-04-24 16:39:49.405184,Operations,101.69792358326104,111.28908286221221,-0.024389743185855423,743.72412666525,1045.82007925971,0.944
KPI-0275,NPS Score,2025-08-04 19:39:49.403921,2026-04-24 17:39:49.405186,Logistics,79.27046260780384,116.07953662584471,0.03192555996871683,927.9590540950817,950.3197033834339,0.722
KPI-0276,EBITDA %,2025-11-02 19:39:49.403913,2026-04-24 15:39:49.405188,Commercial,141.2543436325501,121.06739851913483,0.10407567531800117,786.8987779430759,814.8351717463488,0.799
KPI-0277,NPS Score,2026-01-01 19:39:49.403903,2026-04-24 14:39:49.405190,Operations,85.32959666938146,101.72239265254639,-0.20875036556507048,1068.2500918376231,952.1038524343485,0.816
KPI-0278,EBITDA %,2026-01-01 19:39:49.403903,2026-04-24 14:39:49.405192,Commercial,85.3266670637662,97.60281226869861,-0.051134658837644904,901.8468587812258,888.8975054962322,0.712
KPI-0279,NPS Score,2026-01-31 19:39:49.403898,2026-04-24 18:39:49.405194,Commercial,98.21514583051832,92.92591815649743,-0.20385693002141783,1029.5408733800227,935.8454911395545,0.823
KPI-0280,EBITDA %,2025-06-05 19:39:49.403927,2026-04-24 12:39:49.405195,Logistics,109.3621067149372,107.56300761242208,0.06054987401090306,699.113983410249,1048.522799544132,0.839
KPI-0281,Net Revenue,2026-04-01 19:39:49.403864,2026-04-24 18:39:49.405197,Logistics,130.2412106435129,122.97977052144365,6.415669567574242e-05,1058.5182710801387,1048.62522029266,0.929
KPI-0282,EBITDA %,2026-03-02 19:39:49.403890,2026-04-24 15:39:49.405199,Logistics,,125.679753024713,0.08207479269203191,1051.3112312406622,1035.836507245655,0.765
KPI-0283,Net Revenue,2026-01-01 19:39:49.403903,2026-04-24 14:39:49.405201,Commercial,112.6954110653181,136.26665704308508,-0.01909570941369656,827.8470706989771,1028.7793522310585,0.749
KPI-0284,Gross Margin,2025-12-02 19:39:49.403908,2026-04-24 15:39:49.405203,Operations,102.98533187430309,117.97749210072377,-0.01833501880345296,885.4733564644787,891.9932660704644,0.933
KPI-0285,OTIF Rate,2025-05-06 19:39:49.403930,2026-04-24 12:39:49.405205,Logistics,79.51869274222604,126.54854556477991,0.028581563812881433,1111.7027028800098,919.3362652998524,0.721
KPI-0286,Net Revenue,2025-06-05 19:39:49.403927,2026-04-24 12:39:49.405207,Finance,84.58604728414412,82.26988955740207,0.006391986040910539,984.179849603696,1114.9801947292672,0.886
KPI-0287,OTIF Rate,2026-01-31 19:39:49.403898,2026-04-24 16:39:49.405209,Operations,44.54143580114987,131.19542719298443,-0.04218360532425059,1053.162454366046,1177.2471636777611,0.835
KPI-0288,NPS Score,2025-07-05 19:39:49.403924,2026-04-24 16:39:49.405211,Finance,92.16729812914585,133.4806485479158,0.06987561995014088,738.8546638047995,998.4547303965104,0.879
KPI-0289,Gross Margin,2025-08-04 19:39:49.403921,2026-04-24 13:39:49.405212,Finance,115.99692746989193,146.2908166814118,0.08859262128198667,931.249598593903,1029.3593376401311,0.955
KPI-0290,OTIF Rate,2025-12-02 19:39:49.403908,2026-04-24 12:39:49.405215,Commercial,93.51165926810911,153.0452226527549,0.025695577679674928,1074.5239266671476,1211.932699526277,0.926
KPI-0291,OTIF Rate,2025-12-02 19:39:49.403908,2026-04-24 12:39:49.405216,Logistics,110.8164293654002,87.84223003994978,0.11055112414390603,863.6003196129772,956.8826978129673,0.773
KPI-0292,Gross Margin,2025-11-02 19:39:49.403913,2026-04-24 16:39:49.405218,Logistics,147.48960186136415,129.37399143867657,0.11790495768835413,873.2703971926396,1016.1499277644951,0.928
KPI-0293,OTIF Rate,2025-07-05 19:39:49.403924,2026-04-24 18:39:49.405220,Operations,102.65579147093658,103.81841587885165,-0.04781501855468027,949.9709692529599,933.4267323226109,0.773
KPI-0294,NPS Score,2025-12-02 19:39:49.403908,2026-04-24 13:39:49.405222,Commercial,,101.39704707117096,0.0010915791281336802,859.1486675721187,787.4424649626321,0.702
KPI-0295,Gross Margin,2025-05-06 19:39:49.403930,2026-04-24 13:39:49.405224,Logistics,102.9129316172926,103.71018704196511,0.029678138202416257,1122.2090254975653,940.3270608816553,0.787
KPI-0296,Gross Margin,2025-07-05 19:39:49.403924,2026-04-24 14:39:49.405226,Operations,79.55796597447477,101.34229238600264,-0.12820909933650781,1038.071155955113,1037.1577446824483,0.718
KPI-0297,OTIF Rate,2025-12-02 19:39:49.403908,2026-04-24 12:39:49.405228,Finance,94.6662962512911,108.01493625113956,0.007932640471216404,950.9087991054566,841.654642104502,0.975
KPI-0298,NPS Score,2026-01-01 19:39:49.403903,2026-04-24 13:39:49.405230,Commercial,72.7664829459361,102.52854104508397,-0.010946969184873702,1204.2635503024721,1049.5419473366505,0.727
KPI-0299,NPS Score,2025-12-02 19:39:49.403908,2026-04-24 14:39:49.405232,Logistics,121.20866460813606,120.49666115443686,-0.0598875550974408,937.6135150793183,870.1858041273199,0.702
KPI-0300,NPS Score,2025-11-02 19:39:49.403913,2026-04-24 17:39:49.405233,Commercial,123.22965462837136,125.00918031388393,0.019203919701390345,1012.1199833020713,937.717945250876,0.907
KPI-0301,NPS Score,2025-05-06 19:39:49.403930,2026-04-24 17:39:49.405236,Logistics,97.68459251649094,134.82605708153065,-0.0760361867662439,842.1685019602191,979.9930510713373,0.909
KPI-0302,EBITDA %,2026-01-01 19:39:49.403903,2026-04-24 15:39:49.405237,Finance,144.24144613384868,121.90879501700351,-0.12488491189186764,947.5404588536051,907.1346116042215,0.954
KPI-0303,OTIF Rate,2026-03-02 19:39:49.403890,2026-04-24 15:39:49.405239,Operations,94.34749907848771,109.43561377515435,-0.19175442679055882,1035.6802682111913,1002.5988019174104,0.956
KPI-0304,EBITDA %,2025-07-05 19:39:49.403924,2026-04-24 18:39:49.405241,Logistics,121.81983783165151,125.16063201276025,-0.13839358337226446,1031.6455578565108,988.2178462457233,0.918
KPI-0305,OTIF Rate,2025-12-02 19:39:49.403908,2026-04-24 13:39:49.405243,Operations,93.81453851373999,131.5405826822984,-0.09785762982823182,843.7249167125566,1006.5882828493577,0.796
KPI-0306,EBITDA %,2025-05-06 19:39:49.403930,2026-04-24 12:39:49.405245,Commercial,111.17164425212633,123.17658807868186,0.001303050793461233,796.1250051350851,1146.803251905036,0.889
KPI-0307,Gross Margin,2025-10-03 19:39:49.403916,2026-04-24 12:39:49.405247,Logistics,65.15379458130963,121.99547779614505,0.025093163280575276,961.7123271830939,917.6392613638645,0.903
KPI-0308,Gross Margin,2026-03-02 19:39:49.403890,2026-04-24 17:39:49.405249,Commercial,87.62546116249764,166.0014591076589,-0.049434678332987904,999.4826184015578,1047.2040347937302,0.866
KPI-0309,OTIF Rate,2025-11-02 19:39:49.403913,2026-04-24 14:39:49.405251,Commercial,101.6573708038071,99.4107642325983,0.04726833241767941,715.643613257321,924.798316520235,0.801
KPI-0310,NPS Score,2025-11-02 19:39:49.403913,2026-04-24 12:39:49.405253,Operations,121.25690326562528,129.51862970605453,0.023958842631908586,1211.167922346067,1001.0123316896394,0.731
KPI-0311,Gross Margin,2025-06-05 19:39:49.403927,2026-04-24 15:39:49.405255,Logistics,101.1805927333324,114.45974888100739,-0.07339137717177883,989.5032672040383,1095.9896991827054,0.725
KPI-0312,OTIF Rate,2025-09-03 19:39:49.403919,2026-04-24 15:39:49.405257,Finance,134.16219713690177,78.0597551464117,-0.07830585448136375,708.7725324649991,1098.8502424738706,0.985
KPI-0313,Net Revenue,2026-01-31 19:39:49.403898,2026-04-24 13:39:49.405259,Logistics,90.94761997671344,76.97829406266804,0.09682036329064365,1002.4717409143676,953.6457625898996,0.878
KPI-0314,NPS Score,2026-01-01 19:39:49.403903,2026-04-24 14:39:49.405261,Operations,76.8581092175001,73.5773280312967,-0.043343600815149576,758.4903485643486,1090.8311561635387,0.823
KPI-0315,Net Revenue,2026-04-01 19:39:49.403864,2026-04-24 17:39:49.405263,Commercial,146.75447498919817,111.90332008381844,0.1376737631831149,828.5807924823342,1028.3697424466363,0.804
KPI-0316,NPS Score,2026-01-31 19:39:49.403898,2026-04-24 17:39:49.405264,Commercial,62.079266913920506,79.02781575417684,-0.10311507917250232,1007.3759840726217,1012.1617513003979,0.769
KPI-0317,Net Revenue,2025-12-02 19:39:49.403908,2026-04-24 18:39:49.405266,Commercial,81.63195140992931,109.30296468293636,-0.022053935486421327,800.5533394044213,1027.6557721573638,0.82
KPI-0318,Net Revenue,2026-04-01 19:39:49.403864,2026-04-24 15:39:49.405268,Logistics,99.7923235054206,114.28830935499023,-0.12362679081641137,837.4623201763757,997.6277636077575,0.953
KPI-0319,NPS Score,2026-01-31 19:39:49.403898,2026-04-24 16:39:49.405270,Operations,,101.51210250205582,-0.1613129060457676,1053.8453518926133,912.9815700212516,0.904
KPI-0320,NPS Score,2025-11-02 19:39:49.403913,2026-04-24 13:39:49.405272,Finance,,106.08689040777476,-0.05695760728242375,938.1572577215945,986.1369697281153,0.715
KPI-0321,OTIF Rate,2025-06-05 19:39:49.403927,2026-04-24 14:39:49.405274,Finance,102.45836677079956,129.58763141794665,0.05516018704086312,897.1090416995654,1143.1048368724607,0.915
KPI-0322,EBITDA %,2026-01-01 19:39:49.403903,2026-04-24 14:39:49.405276,Logistics,,93.55908429078228,-0.053821976155207826,930.861437045339,937.90582102612,0.873
KPI-0323,Net Revenue,2025-09-03 19:39:49.403919,2026-04-24 13:39:49.405278,Operations,94.02955397934734,112.43820239868572,0.04405531960671569,1155.5418423305243,1323.7567999175221,0.86
KPI-0324,OTIF Rate,2026-04-01 19:39:49.403864,2026-04-24 14:39:49.405280,Finance,109.00106006934394,66.33842288526714,-0.07322170521662545,1052.524880515363,924.9165421505769,0.801
KPI-0325,OTIF Rate,2025-12-02 19:39:49.403908,2026-04-24 12:39:49.405282,Commercial,101.30720670260692,116.26037581524885,0.10539472188434751,785.1767825550079,1087.3160793080604,0.999
KPI-0326,NPS Score,2025-10-03 19:39:49.403916,2026-04-24 14:39:49.405283,Operations,39.24257158798349,137.30235721382465,-0.0688970941590899,1131.4044626350947,854.192556689811,0.788
KPI-0327,NPS Score,2026-01-01 19:39:49.403903,2026-04-24 17:39:49.405285,Commercial,69.98861638359855,127.08379745620198,0.11497096112918882,900.1375098634919,1041.7386577034763,0.975
KPI-0328,NPS Score,2025-09-03 19:39:49.403919,2026-04-24 18:39:49.405292,Operations,44.68278127847746,106.20327451312077,0.0012541715953892213,940.7361628834095,833.8551572489696,0.723
KPI-0329,NPS Score,2026-01-31 19:39:49.403898,2026-04-24 12:39:49.405294,Operations,72.01518707306425,102.88683128995049,-0.0857551739429967,834.4269781295037,1088.9550438334763,0.753
KPI-0330,Net Revenue,2025-05-06 19:39:49.403930,2026-04-24 18:39:49.405296,Finance,95.00598049312177,144.81509008373686,-0.0716965646230191,895.1406740216166,1003.1747794064274,0.862
KPI-0331,NPS Score,2026-03-02 19:39:49.403890,2026-04-24 12:39:49.405298,Logistics,120.80357252588367,123.87913866157967,0.027870069073559642,974.233350753716,1099.5099431221508,0.747
KPI-0332,OTIF Rate,2025-11-02 19:39:49.403913,2026-04-24 12:39:49.405300,Commercial,132.79299518217877,112.5191248159192,-0.0940208801248873,959.4436334170467,879.7842870628735,0.966
KPI-0333,EBITDA %,2025-10-03 19:39:49.403916,2026-04-24 15:39:49.405302,Logistics,162.14984752787262,124.2831637690015,0.019145742757714444,1158.059379492008,1020.0003328339434,0.869
KPI-0334,OTIF Rate,2025-12-02 19:39:49.403908,2026-04-24 14:39:49.405304,Operations,101.40230702596358,99.95419638488265,-0.06119285158265742,814.3098711261715,1061.485875454709,0.896
KPI-0335,EBITDA %,2025-11-02 19:39:49.403913,2026-04-24 18:39:49.405306,Commercial,99.99633218400884,108.18720721757957,-0.09020387259698481,932.7047424325062,1060.6068186811774,0.894
KPI-0336,Gross Margin,2026-03-02 19:39:49.403890,2026-04-24 13:39:49.405308,Logistics,62.9967742657364,96.44686440448115,-0.07120908962377401,699.3600008095061,911.1905785470796,0.878
KPI-0337,Net Revenue,2026-01-01 19:39:49.403903,2026-04-24 18:39:49.405309,Commercial,74.1405444944276,128.85507597668038,-0.12880704745410942,881.7031040833292,1014.7928098907818,0.877
KPI-0338,EBITDA %,2025-08-04 19:39:49.403921,2026-04-24 13:39:49.405312,Logistics,119.37961250585536,92.18276414012675,0.00634993601817661,1075.101957364515,948.9290448891193,0.983
KPI-0339,Gross Margin,2025-07-05 19:39:49.403924,2026-04-24 13:39:49.405313,Finance,147.46192656803362,100.9159858324711,0.011987293133414437,1131.2466859179863,1020.0513069143042,0.871
KPI-0340,Gross Margin,2026-04-01 19:39:49.403864,2026-04-24 13:39:49.405315,Finance,134.0696775575087,119.13935755785776,-0.06523018524827454,1141.3259787497484,833.0592012234441,0.857
KPI-0341,Net Revenue,2026-01-01 19:39:49.403903,2026-04-24 15:39:49.405317,Commercial,,59.427815004746336,-0.06791243382767259,904.5342542753601,1148.2011040843927,0.733
KPI-0342,Gross Margin,2025-05-06 19:39:49.403930,2026-04-24 13:39:49.405319,Finance,70.264575743461,94.78586105209504,-0.12467378069673983,912.8661408956744,939.4835199407825,0.856
KPI-0343,Gross Margin,2025-08-04 19:39:49.403921,2026-04-24 16:39:49.405321,Finance,53.7581336859656,92.17883405603548,-0.0562560833669457,833.9594006373575,1048.5999055076325,0.873
KPI-0344,NPS Score,2026-01-31 19:39:49.403898,2026-04-24 17:39:49.405323,Logistics,97.13321882312538,114.01372451840298,0.030771417024846218,926.7802616254338,883.8556685083341,0.807
KPI-0345,Net Revenue,2025-09-03 19:39:49.403919,2026-04-24 15:39:49.405325,Logistics,147.97734797053846,113.70340245904985,-0.061533336754644945,1091.6745285826057,833.775331027625,0.874
KPI-0346,EBITDA %,2026-03-02 19:39:49.403890,2026-04-24 14:39:49.405327,Logistics,86.30835629339403,149.8356670013602,0.013978450159826215,1050.0065596872062,1067.0540473186666,0.939
KPI-0347,NPS Score,2026-03-02 19:39:49.403890,2026-04-24 16:39:49.405329,Finance,83.25618088275296,91.54054304445194,0.04108253266633355,889.154586176944,1064.8838402827807,0.923
KPI-0348,Gross Margin,2025-10-03 19:39:49.403916,2026-04-24 15:39:49.405330,Commercial,92.7693323675898,79.79345473461188,-0.10119003854691658,911.1663551094717,1085.1566912895041,0.963
KPI-0349,EBITDA %,2025-11-02 19:39:49.403913,2026-04-24 12:39:49.405333,Logistics,92.14584930389489,134.22702574501838,0.16963304724970232,915.5435929380544,1035.8131730576488,0.891
KPI-0350,NPS Score,2025-09-03 19:39:49.403919,2026-04-24 13:39:49.405334,Finance,101.07361225431828,97.11962262041004,0.0674241507175079,884.4581268340497,1117.9812991535186,0.726
KPI-0351,EBITDA %,2025-07-05 19:39:49.403924,2026-04-24 15:39:49.405336,Logistics,36.06985826860362,112.61119799062092,-0.034278959364390994,978.0072868828821,1034.4047225014822,0.88
KPI-0352,Gross Margin,2025-09-03 19:39:49.403919,2026-04-24 12:39:49.405339,Finance,74.33741803449414,99.76179105921247,-0.14619077653484652,1038.8600949733643,907.8106987940758,0.756
KPI-0353,Gross Margin,2025-10-03 19:39:49.403916,2026-04-24 12:39:49.405343,Operations,89.2745807199059,122.22484425259503,-0.08771235723975847,1226.2131220980887,1240.4403256334208,0.835
KPI-0354,Net Revenue,2026-01-31 19:39:49.403898,2026-04-24 12:39:49.405346,Commercial,105.79104213831614,116.87301146734147,0.15060690343580388,951.4404049001818,916.5873755946641,0.969
KPI-0355,Net Revenue,2025-07-05 19:39:49.403924,2026-04-24 18:39:49.405350,Finance,84.78069306088803,102.49995525967692,0.030656115137473686,1033.4538035708779,1084.270804396592,0.725
KPI-0356,Gross Margin,2025-07-05 19:39:49.403924,2026-04-24 17:39:49.405353,Logistics,104.31468095182878,110.40418253167269,-0.04913403498613061,828.7830866204665,1049.8450706145154,0.929
KPI-0357,OTIF Rate,2025-11-02 19:39:49.403913,2026-04-24 13:39:49.405356,Commercial,83.34096214240682,100.21509600285555,-0.04118889591922887,962.8013767164854,1106.114004882249,0.805
KPI-0358,EBITDA %,2026-04-01 19:39:49.403864,2026-04-24 14:39:49.405360,Finance,120.06873364227093,111.04463515935115,0.10704277341328995,931.329804574063,990.6153886757669,0.925
KPI-0359,EBITDA %,2025-07-05 19:39:49.403924,2026-04-24 17:39:49.405363,Finance,,100.92211250984096,0.02925344740683219,1029.9472873389047,1033.6284938240944,0.756
KPI-0360,Gross Margin,2025-05-06 19:39:49.403930,2026-04-24 17:39:49.405366,Operations,103.83162879359104,139.22818283832362,-0.036670959261682956,1008.8175095244248,937.2891850740516,0.73
KPI-0361,NPS Score,2026-03-02 19:39:49.403890,2026-04-24 12:39:49.405368,Operations,119.40348212038285,104.42596670878662,-0.13646184761054378,1032.6736461955845,1058.0383332338015,0.935
KPI-0362,NPS Score,2025-11-02 19:39:49.403913,2026-04-24 14:39:49.405370,Commercial,113.7066638646271,100.8184520849469,-0.020240079406268978,933.3900793388899,871.6348403057326,0.891
KPI-0363,EBITDA %,2026-01-31 19:39:49.403898,2026-04-24 17:39:49.405372,Operations,84.99245609702032,73.97785130314796,0.0428322657102624,908.8465600335327,1126.9994276013417,0.982
KPI-0364,OTIF Rate,2026-01-31 19:39:49.403898,2026-04-24 17:39:49.405374,Finance,79.06025139029818,88.26729255552618,0.03525181478700367,805.7192538430149,1235.1134415697572,0.812
KPI-0365,NPS Score,2026-01-01 19:39:49.403903,2026-04-24 17:39:49.405376,Finance,133.005766684814,121.89314293682472,-0.08607756352303154,975.0039722259633,1110.1351641972815,0.838
KPI-0366,NPS Score,2025-09-03 19:39:49.403919,2026-04-24 18:39:49.405378,Logistics,,106.72145368511474,-0.0058493511008950085,938.1378000166603,792.6778501434668,0.899
KPI-0367,EBITDA %,2025-12-02 19:39:49.403908,2026-04-24 17:39:49.405380,Logistics,128.81691111040658,103.35551562483532,0.040622545816977176,1114.1316034786792,946.8075769223848,0.748
KPI-0368,Gross Margin,2025-12-02 19:39:49.403908,2026-04-24 18:39:49.405382,Logistics,128.17869064523467,124.70260853233637,0.11017913687634051,930.4954667278727,1098.2181732331096,0.701
KPI-0369,Net Revenue,2025-08-04 19:39:49.403921,2026-04-24 15:39:49.405384,Operations,74.02273926378913,136.15493623965654,-0.033263544471588066,885.2594272987387,888.3071298685497,0.942
KPI-0370,EBITDA %,2026-03-02 19:39:49.403890,2026-04-24 15:39:49.405385,Logistics,95.66151398907787,93.01755426206874,0.13950821326186993,1018.3266353336057,865.3278926197254,0.844
KPI-0371,EBITDA %,2026-01-01 19:39:49.403903,2026-04-24 17:39:49.405387,Operations,92.42084280867755,105.3126100053068,0.03651056045874029,785.3075671309061,1013.8833491066158,0.985
KPI-0372,Gross Margin,2026-01-31 19:39:49.403898,2026-04-24 16:39:49.405389,Commercial,91.54230308224297,68.1708659754803,-0.050190819956048245,984.7235968658213,952.1961880635225,0.732
KPI-0373,NPS Score,2026-01-01 19:39:49.403903,2026-04-24 14:39:49.405391,Commercial,,129.08575811870315,-0.08466474175898263,875.3174412791792,946.5416422271647,0.756
KPI-0374,Net Revenue,2025-08-04 19:39:49.403921,2026-04-24 12:39:49.405393,Logistics,,166.9461640194346,-0.17838413268732772,804.1926119549321,860.3862203533197,0.716
KPI-0375,EBITDA %,2026-01-01 19:39:49.403903,2026-04-24 15:39:49.405395,Finance,108.69363293497271,102.94550557132963,-0.08386672513553721,965.8124495120048,1169.452326712582,0.983
KPI-0376,OTIF Rate,2025-07-05 19:39:49.403924,2026-04-24 17:39:49.405397,Logistics,77.0155433583718,102.4411715908848,0.11678389998761755,663.3882642809833,902.2751349416683,0.947
KPI-0377,Net Revenue,2026-01-31 19:39:49.403898,2026-04-24 16:39:49.405399,Commercial,81.35684145236485,108.36282447576629,-0.03923441301242015,1019.0697250727992,956.9277624115048,0.992
KPI-0378,Net Revenue,2025-11-02 19:39:49.403913,2026-04-24 12:39:49.405401,Logistics,104.83233888756178,114.7686026394399,-0.13381885882302325,960.4613324069377,1041.9197161397396,0.982
KPI-0379,EBITDA %,2025-05-06 19:39:49.403930,2026-04-24 17:39:49.405403,Finance,99.06307019105394,115.62387282507646,-0.07079498892770303,877.8813808483189,977.114341813343,0.763
KPI-0380,NPS Score,2025-10-03 19:39:49.403916,2026-04-24 14:39:49.405405,Operations,84.8076180427225,115.57527968687086,-5.640741740541712e-05,1063.667235954797,952.0720836340976,0.966
KPI-0381,Gross Margin,2026-04-01 19:39:49.403864,2026-04-24 13:39:49.405407,Finance,,82.1803906955088,-0.031061844504938443,1011.0890608513014,1093.8349490528196,0.925
KPI-0382,Gross Margin,2025-11-02 19:39:49.403913,2026-04-24 15:39:49.405409,Finance,67.06020914411896,108.89128942586069,0.02668533329132037,797.4005315817766,1036.687365327065,0.791
KPI-0383,Gross Margin,2025-09-03 19:39:49.403919,2026-04-24 13:39:49.405411,Finance,116.5391309455672,122.80181841147375,-0.030221406754690094,1021.0981624886815,1032.3299455162903,0.849
KPI-0384,Gross Margin,2026-01-31 19:39:49.403898,2026-04-24 17:39:49.405412,Finance,90.01034708439445,86.13619862266339,-0.05115531882023217,1011.1436443929629,957.8078446287537,0.863
KPI-0385,EBITDA %,2026-01-01 19:39:49.403903,2026-04-24 18:39:49.405414,Commercial,89.14975652461126,82.78235036944099,-0.008822799532089174,896.8648539559553,868.6778305365204,0.781
KPI-0386,NPS Score,2025-11-02 19:39:49.403913,2026-04-24 18:39:49.405416,Commercial,111.8567739558055,98.86918799883946,-0.09437098818897782,923.3139523995605,1114.4497615458522,0.791
KPI-0387,Net Revenue,2026-01-31 19:39:49.403898,2026-04-24 12:39:49.405418,Operations,126.11918603293527,113.46336085496176,0.010217386249545107,1146.9035399577258,927.5176162106617,0.937
KPI-0388,NPS Score,2025-11-02 19:39:49.403913,2026-04-24 16:39:49.405420,Finance,100.04008722309028,122.44036807661874,-0.08329432823017786,999.3666205032874,863.3489286120605,0.805
KPI-0389,EBITDA %,2026-01-31 19:39:49.403898,2026-04-24 17:39:49.405422,Logistics,,125.61402475420356,-0.018714845722040737,802.254776265502,963.1951098485283,0.816
KPI-0390,NPS Score,2025-08-04 19:39:49.403921,2026-04-24 16:39:49.405424,Finance,109.9783375829874,92.71306882999028,0.021478064559280356,965.3774576661388,992.688273255172,0.982
KPI-0391,OTIF Rate,2026-01-31 19:39:49.403898,2026-04-24 16:39:49.405426,Finance,101.442878509319,72.37802416757131,-0.03319276380993911,766.802487185025,858.523194051994,0.958
KPI-0392,EBITDA %,2026-04-01 19:39:49.403864,2026-04-24 17:39:49.405428,Operations,107.79332072883713,141.43246292711768,-0.005973485695733966,1012.0742597046179,954.9087373237116,0.747
KPI-0393,NPS Score,2025-05-06 19:39:49.403930,2026-04-24 12:39:49.405430,Commercial,120.2115083247017,134.74397982854836,0.05122110783262838,882.7676021249121,997.9444214708109,0.74
KPI-0394,EBITDA %,2026-01-01 19:39:49.403903,2026-04-24 13:39:49.405432,Logistics,95.57330720282754,101.07189032573754,-0.061825010348354324,894.4317853171384,870.412858098659,0.78
KPI-0395,OTIF Rate,2026-01-31 19:39:49.403898,2026-04-24 17:39:49.405434,Commercial,125.53611336371677,125.27101377911444,0.13051622139200464,839.4335160668594,1110.7580932721437,0.906
KPI-0396,Net Revenue,2025-10-03 19:39:49.403916,2026-04-24 14:39:49.405435,Logistics,,115.64098045616667,-0.10509831172532418,910.7337393272768,869.5423685613057,0.804
KPI-0397,OTIF Rate,2025-08-04 19:39:49.403921,2026-04-24 15:39:49.405437,Operations,82.83983475122669,106.40211813725561,0.09431706358250093,978.6333610542791,1064.5099682244777,0.836
KPI-0398,EBITDA %,2026-01-31 19:39:49.403898,2026-04-24 16:39:49.405439,Logistics,122.37956194077807,145.98543740154645,0.030322713426843825,873.0699529044356,1014.9456436645689,0.703
KPI-0399,Gross Margin,2025-08-04 19:39:49.403921,2026-04-24 17:39:49.405441,Commercial,111.02457581900691,96.97541361993942,0.03342385072332087,859.962196203491,1253.8080986267162,0.832
KPI-0400,NPS Score,2025-11-02 19:39:49.403913,2026-04-24 12:39:49.405443,Logistics,96.01580751833121,81.91364952629063,0.07688614029079666,959.8363217686648,1005.8072940367889,0.783
KPI-0401,Gross Margin,2026-03-02 19:39:49.403890,2026-04-24 17:39:49.405446,Operations,99.60050260769356,112.96595614476526,-0.0023032246735577213,913.2923254074466,859.4958503912958,0.805
KPI-0402,NPS Score,2025-11-02 19:39:49.403913,2026-04-24 13:39:49.405448,Finance,92.53232999392557,98.38315125426462,0.012315734453297708,921.203666090929,873.0171281743376,0.716
KPI-0403,NPS Score,2025-05-06 19:39:49.403930,2026-04-24 18:39:49.405450,Operations,94.97822972777102,113.54069140448324,0.003183398131020434,868.1876798084145,967.9413059346352,0.849
KPI-0404,OTIF Rate,2026-03-02 19:39:49.403890,2026-04-24 15:39:49.405452,Logistics,69.1954501877489,104.13058112593764,0.06559915368278964,836.3093636387347,750.3207708412417,0.885
KPI-0405,OTIF Rate,2025-12-02 19:39:49.403908,2026-04-24 12:39:49.405454,Logistics,80.62987926068087,95.87608373780468,0.07995619486279537,934.7755949306819,864.7940866702683,0.822
KPI-0406,OTIF Rate,2026-01-01 19:39:49.403903,2026-04-24 13:39:49.405457,Operations,96.13972151959955,105.62164272727152,-0.0023921257831603167,1036.886373200673,1062.2793273911032,0.726
KPI-0407,NPS Score,2025-06-05 19:39:49.403927,2026-04-24 14:39:49.405460,Operations,60.78749641381477,79.48989729306535,-0.030498264788810944,941.4569372585343,1216.29334856763,0.818
KPI-0408,EBITDA %,2025-09-03 19:39:49.403919,2026-04-24 13:39:49.405463,Logistics,46.021202697148055,79.33547246907024,-0.08556871137965043,913.7905329195587,989.6975113589937,0.789
KPI-0409,Net Revenue,2025-08-04 19:39:49.403921,2026-04-24 15:39:49.405467,Commercial,59.65313897876616,104.91750573954694,0.0136946284432233,778.5994084648545,893.9050350305079,0.818
KPI-0410,Net Revenue,2025-07-05 19:39:49.403924,2026-04-24 15:39:49.405470,Operations,129.41616743915546,117.84161656303526,-0.04064529627123983,892.9342587477896,1102.8593023982212,0.931
KPI-0411,Gross Margin,2025-10-03 19:39:49.403916,2026-04-24 15:39:49.405473,Logistics,147.92765615706435,76.43465335151532,-0.14432904391838164,885.6507824925824,1130.460119805871,0.987
KPI-0412,Net Revenue,2025-11-02 19:39:49.403913,2026-04-24 12:39:49.405477,Commercial,106.9209318674326,119.06908115699447,-0.01248072680274478,960.2863789935349,954.5884790368865,0.883
KPI-0413,Gross Margin,2025-11-02 19:39:49.403913,2026-04-24 18:39:49.405517,Operations,95.56600642025018,100.30880405911685,0.0020165335748923165,955.5543727569552,1062.4219323072127,0.819
KPI-0414,OTIF Rate,2026-04-01 19:39:49.403864,2026-04-24 14:39:49.405523,Logistics,128.65530369883317,117.8154524035736,0.0617221600942119,1229.2299497233553,1130.5611232029405,0.848
KPI-0415,Gross Margin,2025-05-06 19:39:49.403930,2026-04-24 17:39:49.405526,Commercial,72.54223011976927,114.7049098961482,-0.004265573217761269,906.7411976169816,1033.0373450389243,0.959
KPI-0416,OTIF Rate,2025-08-04 19:39:49.403921,2026-04-24 18:39:49.405529,Logistics,107.61243302598245,129.51842701330872,-0.08498281785777648,1046.5054398212003,930.9345576968166,0.955
KPI-0417,Net Revenue,2025-07-05 19:39:49.403924,2026-04-24 12:39:49.405531,Logistics,107.77070630468312,107.04802438512125,0.07906685080522578,1049.9684004978976,947.7075752879273,0.955
KPI-0418,EBITDA %,2025-12-02 19:39:49.403908,2026-04-24 15:39:49.405533,Commercial,93.59643810197956,77.18516664738299,-0.16904169984068954,1025.304980244558,876.6590256250245,0.979
KPI-0419,OTIF Rate,2025-05-06 19:39:49.403930,2026-04-24 12:39:49.405535,Logistics,53.56248950917908,150.72417743656683,-0.12590182948874382,950.8332780154693,921.5287372547376,0.966
KPI-0420,EBITDA %,2025-11-02 19:39:49.403913,2026-04-24 13:39:49.405537,Operations,127.73452771222316,111.99573842796346,-0.024225150507968418,1253.6945468729516,1062.2633271525483,0.816
KPI-0421,OTIF Rate,2026-03-02 19:39:49.403890,2026-04-24 14:39:49.405540,Finance,85.64934194978674,113.03849610822685,-0.02860416346359295,848.2071232104154,977.8645460739529,0.875
KPI-0422,NPS Score,2025-06-05 19:39:49.403927,2026-04-24 15:39:49.405542,Commercial,82.39930029169112,107.27568334069593,-0.023688250542008526,1008.226162160745,847.7498841870805,0.838
KPI-0423,NPS Score,2025-09-03 19:39:49.403919,2026-04-24 13:39:49.405545,Finance,62.20335662444855,138.06131103940288,-0.07123414729716204,1037.063718129805,1034.1441033526746,0.863
KPI-0424,Gross Margin,2025-11-02 19:39:49.403913,2026-04-24 12:39:49.405546,Commercial,114.7611017015179,85.5345090530542,0.07083562431286762,752.7192141422723,1110.21576323183,0.866
KPI-0425,NPS Score,2026-01-01 19:39:49.403903,2026-04-24 12:39:49.405548,Finance,109.17009301143484,82.35695048338316,-0.021420433424265774,780.677357266563,982.212689045299,0.95
KPI-0426,NPS Score,2025-06-05 19:39:49.403927,2026-04-24 13:39:49.405550,Operations,113.51018558251504,96.02529595186945,-0.11557527634350828,1098.2182423053837,991.708005173082,0.948
KPI-0427,Gross Margin,2025-10-03 19:39:49.403916,2026-04-24 18:39:49.405552,Logistics,88.51832008623619,117.84777308930359,0.023654568545053593,986.1012431558954,1147.0614077604039,0.83
KPI-0428,Gross Margin,2026-01-01 19:39:49.403903,2026-04-24 15:39:49.405554,Commercial,92.37723632897877,95.54322662938011,-0.06913053013367211,812.2104159378905,1117.4845270110657,0.852
KPI-0429,Net Revenue,2025-12-02 19:39:49.403908,2026-04-24 16:39:49.405556,Operations,82.4822246521855,94.72176631900436,-0.0827086826620673,1095.8427014020697,1054.6193017808466,0.864
KPI-0430,Net Revenue,2025-08-04 19:39:49.403921,2026-04-24 16:39:49.405558,Commercial,105.88341020155018,87.7115610991429,-0.013821822506086084,928.6584274168505,1142.424076306511,0.907
KPI-0431,Net Revenue,2025-06-05 19:39:49.403927,2026-04-24 12:39:49.405560,Commercial,99.60418906667351,127.11182165483027,0.1216677983954123,1063.0580411526878,1117.4686945828655,0.855
KPI-0432,EBITDA %,2025-11-02 19:39:49.403913,2026-04-24 17:39:49.405562,Operations,91.97739537187148,117.15166277812703,-0.18069785734122454,1153.601939739928,988.3183955020049,0.935
KPI-0433,NPS Score,2025-10-03 19:39:49.403916,2026-04-24 12:39:49.405564,Logistics,68.95891557393875,125.90984284916067,-0.1390390506263023,926.8424444484468,1038.758957524243,0.803
KPI-0434,Net Revenue,2025-05-06 19:39:49.403930,2026-04-24 12:39:49.405566,Logistics,,99.20661960637112,-0.0808559420320053,717.9257225652273,1012.1851059978133,0.885
KPI-0435,EBITDA %,2025-11-02 19:39:49.403913,2026-04-24 14:39:49.405568,Logistics,62.85170611473732,108.53274521623874,0.1247353785072514,856.9148451934357,1197.9654937826976,0.984
KPI-0436,Gross Margin,2025-08-04 19:39:49.403921,2026-04-24 16:39:49.405570,Logistics,84.13191005311823,125.0385940009481,-0.09802455232120078,709.1824219601858,1043.1501754473456,0.812
KPI-0437,Net Revenue,2025-07-05 19:39:49.403924,2026-04-24 16:39:49.405573,Commercial,79.26142918810396,93.80206001693354,0.07370099399461928,841.0633365538822,1035.5188940649336,0.741
KPI-0438,Net Revenue,2026-01-01 19:39:49.403903,2026-04-24 17:39:49.405577,Operations,,130.07326165029215,0.05986615647058712,1115.6744165631042,1187.1886483815124,0.923
KPI-0439,NPS Score,2026-03-02 19:39:49.403890,2026-04-24 14:39:49.405580,Operations,106.55203793412478,118.62798346058284,0.07995643624552719,861.8380421070583,1017.3959061244437,0.924
KPI-0440,Gross Margin,2025-11-02 19:39:49.403913,2026-04-24 15:39:49.405584,Logistics,95.83702640981019,135.80396552598182,-0.08262995759865298,816.3233047160102,966.6101775164051,0.854
KPI-0441,EBITDA %,2025-09-03 19:39:49.403919,2026-04-24 15:39:49.405587,Logistics,84.8998373115437,128.76496452218262,-0.0022841542446399086,1135.6620475761235,784.0284421212641,0.759
KPI-0442,Net Revenue,2025-05-06 19:39:49.403930,2026-04-24 15:39:49.405590,Commercial,93.22658009475444,77.26220005976444,0.04643002815654675,926.0778422849634,957.1496775371741,0.805
KPI-0443,NPS Score,2025-12-02 19:39:49.403908,2026-04-24 13:39:49.405593,Finance,103.67286038952575,98.5420664073456,0.021829746457430847,976.7417640686818,1019.2187518268379,0.948
KPI-0444,Net Revenue,2025-09-03 19:39:49.403919,2026-04-24 12:39:49.405596,Operations,110.52026128380489,63.23079997907491,0.2175089309806703,818.2107293545344,1098.377922668329,0.922
KPI-0445,NPS Score,2025-11-02 19:39:49.403913,2026-04-24 15:39:49.405600,Commercial,133.53153888329456,70.93777753920378,0.14362326092742775,1096.7834996345089,999.3828685638,0.799
KPI-0446,NPS Score,2025-06-05 19:39:49.403927,2026-04-24 18:39:49.405602,Finance,159.39826477415582,90.25344991014727,0.08489785380808422,953.6538614118625,913.7464641409132,0.766
KPI-0447,Net Revenue,2026-01-01 19:39:49.403903,2026-04-24 12:39:49.405606,Commercial,136.2697687524358,136.7032817711873,0.048936613496387366,1043.448699318619,1039.7800332029014,0.759
KPI-0448,EBITDA %,2026-01-01 19:39:49.403903,2026-04-24 12:39:49.405610,Logistics,99.78657113684011,109.56836226713075,0.05513882898818942,774.7522794736997,823.4293573085172,0.813
KPI-0449,EBITDA %,2025-11-02 19:39:49.403913,2026-04-24 16:39:49.405614,Operations,76.63773272078262,118.82358629889568,0.08046820624405414,1104.4358172687125,1129.8441291564557,0.778
KPI-0450,EBITDA %,2025-07-05 19:39:49.403924,2026-04-24 18:39:49.405617,Logistics,90.76696610943381,99.89818406603794,0.1351848343487664,987.5152460949721,1143.324913442436,0.848
KPI-0451,EBITDA %,2026-01-31 19:39:49.403898,2026-04-24 15:39:49.405621,Commercial,104.98950366175963,103.4010089966071,-0.0689143841807036,860.9360524650301,824.7587769483116,0.745
KPI-0452,Gross Margin,2026-03-02 19:39:49.403890,2026-04-24 15:39:49.405625,Logistics,89.42027484597268,123.29932447428028,0.08968915261309973,897.895621892852,915.5684437413531,0.844
KPI-0453,NPS Score,2025-10-03 19:39:49.403916,2026-04-24 12:39:49.405629,Commercial,91.74385172197478,106.45668271737784,0.016673436857159208,885.1327838436674,1035.3447788917827,0.87
KPI-0454,Gross Margin,2025-06-05 19:39:49.403927,2026-04-24 12:39:49.405632,Operations,116.12756354532755,105.5953152878295,0.07974128994036256,979.4282839657033,1176.2216186891378,0.708
KPI-0455,Net Revenue,2025-06-05 19:39:49.403927,2026-04-24 15:39:49.405634,Commercial,94.98668869986794,120.2859196420512,0.002914118938668557,962.9984429716966,994.8229399430896,0.82
KPI-0456,Gross Margin,2025-10-03 19:39:49.403916,2026-04-24 13:39:49.405636,Logistics,107.94768341543869,88.446914792161,-0.039520217268591104,1139.7556134842469,1039.084905080284,0.95
KPI-0457,OTIF Rate,2025-10-03 19:39:49.403916,2026-04-24 13:39:49.405638,Operations,94.35998078096875,113.5756811931414,-0.03815289116942039,704.9275860224045,1025.4202042058807,0.787
KPI-0458,NPS Score,2026-04-01 19:39:49.403864,2026-04-24 12:39:49.405640,Commercial,49.78733536507246,114.54594846939429,0.006239583064414458,1021.3496015712441,844.7901189217062,0.968
KPI-0459,Net Revenue,2026-01-01 19:39:49.403903,2026-04-24 14:39:49.405642,Finance,49.744597486625,74.46362157446183,0.03921940723024902,754.3930200712853,965.9831628996284,0.721
KPI-0460,OTIF Rate,2026-01-01 19:39:49.403903,2026-04-24 14:39:49.405644,Commercial,109.44024455331801,87.79166088408797,-0.03612034511428959,1251.3613308201832,924.1677216994888,0.904
KPI-0461,EBITDA %,2025-05-06 19:39:49.403930,2026-04-24 18:39:49.405646,Finance,97.73414634404526,96.79804228413369,-0.11954900402171119,1128.382906207583,1023.5420144201202,0.84
KPI-0462,EBITDA %,2025-11-02 19:39:49.403913,2026-04-24 13:39:49.405648,Finance,103.4951776239554,100.12773214349005,0.05089108266889312,943.6970867933383,931.709413999404,0.923
KPI-0463,Gross Margin,2025-12-02 19:39:49.403908,2026-04-24 14:39:49.405650,Finance,106.89050197359681,119.70178520403759,-0.01155455380392589,999.5006197124509,1003.2612212247885,0.857
KPI-0464,Gross Margin,2025-10-03 19:39:49.403916,2026-04-24 12:39:49.405652,Commercial,105.41104930478141,91.49848090910201,-0.1687441264087765,957.1303976813446,994.7998762006406,0.756
KPI-0465,OTIF Rate,2025-07-05 19:39:49.403924,2026-04-24 15:39:49.405654,Finance,98.70367325237179,91.15436075976586,-0.13050613829395272,874.6961526157708,1003.0650123239217,0.952
KPI-0466,EBITDA %,2025-08-04 19:39:49.403921,2026-04-24 16:39:49.405656,Logistics,131.93843410872765,122.58059550745956,0.0205678864114186,860.7333937917186,1106.803776046807,0.968
KPI-0467,NPS Score,2025-10-03 19:39:49.403916,2026-04-24 18:39:49.405658,Commercial,105.28224562491852,128.97312352192583,0.050266074305401844,944.2142224682611,1038.633418604644,0.919
KPI-0468,OTIF Rate,2025-10-03 19:39:49.403916,2026-04-24 16:39:49.405660,Finance,105.96138843848331,129.65992646862125,0.08710177698557224,628.7684338775011,975.5872980478191,0.816
KPI-0469,NPS Score,2025-09-03 19:39:49.403919,2026-04-24 17:39:49.405662,Operations,87.07998100514453,87.3962267363504,-0.04335158483760376,1106.5369488271717,1049.7399005874054,0.76
KPI-0470,EBITDA %,2025-07-05 19:39:49.403924,2026-04-24 14:39:49.405663,Commercial,71.05697846681882,91.48493870447797,-0.05321150774752916,1154.0187170945028,945.8973349844471,0.727
KPI-0471,Gross Margin,2026-01-31 19:39:49.403898,2026-04-24 13:39:49.405666,Commercial,154.2030883427154,75.70262056432315,0.04220423792687083,917.8972445905194,892.4179419800704,0.929
KPI-0472,Gross Margin,2025-07-05 19:39:49.403924,2026-04-24 13:39:49.405667,Logistics,120.45856857840033,57.852553592354816,-0.07041350638321976,1122.0462737878154,1107.3785881316578,0.773
KPI-0473,Net Revenue,2025-07-05 19:39:49.403924,2026-04-24 16:39:49.405669,Logistics,106.18869575800026,84.92426656977158,-0.06778918489603841,887.5690618394973,934.2399049968819,0.885
KPI-0474,Gross Margin,2025-09-03 19:39:49.403919,2026-04-24 17:39:49.405671,Operations,94.1091584644756,96.72212005777112,0.013425450720806371,881.2258666472313,898.8464715566685,0.946
KPI-0475,Net Revenue,2025-10-03 19:39:49.403916,2026-04-24 12:39:49.405673,Commercial,115.51980531284113,113.92679266006732,0.019825443869339463,973.3496185969361,1151.9217056522195,0.845
KPI-0476,Net Revenue,2026-01-31 19:39:49.403898,2026-04-24 13:39:49.405675,Operations,87.29142758907072,126.54730587020323,0.041812911138760595,1011.580386738052,1087.9146268616444,0.891
KPI-0477,NPS Score,2025-10-03 19:39:49.403916,2026-04-24 14:39:49.405677,Operations,117.52206876071938,107.72631077455114,0.0070104340432141175,847.5306870013534,981.6033299462583,0.784
KPI-0478,NPS Score,2025-09-03 19:39:49.403919,2026-04-24 13:39:49.405679,Commercial,137.3448579741123,138.44055128915443,-0.08209236301116792,989.3090320393495,1089.2805076247832,0.825
KPI-0479,Gross Margin,2026-03-02 19:39:49.403890,2026-04-24 14:39:49.405681,Finance,,91.73519979962005,-0.030631494365095713,983.1200629772,953.5436397901503,0.829
KPI-0480,Gross Margin,2025-11-02 19:39:49.403913,2026-04-24 14:39:49.405683,Logistics,138.72236991593178,137.09737945183593,0.00435401245553567,678.2562681840625,1048.182754548046,0.87
KPI-0481,NPS Score,2026-01-01 19:39:49.403903,2026-04-24 12:39:49.405685,Finance,93.37183798879364,93.10336586207731,0.09933291774023814,915.7326209849962,1005.581598484127,0.871
KPI-0482,EBITDA %,2026-04-01 19:39:49.403864,2026-04-24 17:39:49.405688,Logistics,55.47184534461859,119.54696815094354,0.05309510999619982,921.9680241423259,963.6603097792834,0.831
KPI-0483,Net Revenue,2025-06-05 19:39:49.403927,2026-04-24 14:39:49.405692,Logistics,120.5444809017738,114.20140354543219,0.01148500198266633,875.60595399048,1025.9347474649107,0.71
KPI-0484,OTIF Rate,2025-11-02 19:39:49.403913,2026-04-24 13:39:49.405695,Logistics,97.47266306998142,133.52730237765144,0.049937428251346595,875.9840147714741,888.0391176866623,0.855
KPI-0485,Net Revenue,2026-01-01 19:39:49.403903,2026-04-24 15:39:49.405698,Commercial,120.69181921030193,139.46288298468303,0.10137537490922212,1006.9194501572491,942.9447407557593,0.831
KPI-0486,EBITDA %,2025-07-05 19:39:49.403924,2026-04-24 12:39:49.405702,Operations,71.98231133429879,89.65685629001082,-0.10519007206065428,757.4185076389296,794.888003554524,0.899
KPI-0487,Gross Margin,2026-03-02 19:39:49.403890,2026-04-24 14:39:49.405705,Operations,87.85051542669089,63.79594021212236,0.0009743237050662357,1079.2741555737723,967.3688465728009,0.754
KPI-0488,OTIF Rate,2025-11-02 19:39:49.403913,2026-04-24 16:39:49.405709,Finance,133.58053190126526,105.73296409940276,-0.13160174916601358,933.8496508338684,1025.4113259770927,0.998
KPI-0489,OTIF Rate,2025-09-03 19:39:49.403919,2026-04-24 14:39:49.405713,Logistics,107.37996572360859,117.75528339266508,-0.00037510935372510275,1098.1795457283838,855.7549503107181,0.98
KPI-0490,Gross Margin,2025-12-02 19:39:49.403908,2026-04-24 17:39:49.405716,Finance,137.42618676337082,109.72645293890157,-0.03983347390830348,873.6853575648239,1038.0907470377158,0.924
KPI-0491,Gross Margin,2025-09-03 19:39:49.403919,2026-04-24 12:39:49.405720,Commercial,84.31777491335843,168.14698037479104,0.1068419053964543,1065.877691769212,780.2593491118471,0.802
KPI-0492,NPS Score,2026-01-31 19:39:49.403898,2026-04-24 12:39:49.405724,Logistics,159.0410648407813,120.85696421520181,0.09134676437874442,1015.4201066440205,941.1034375178656,0.869
KPI-0493,Net Revenue,2026-01-01 19:39:49.403903,2026-04-24 15:39:49.405728,Finance,156.91921263340703,120.79216103595792,0.16275810160035872,735.2806062196526,990.1016268708008,0.856
KPI-0494,OTIF Rate,2025-10-03 19:39:49.403916,2026-04-24 18:39:49.405732,Finance,118.85877143201756,83.97733322333836,-0.022804606451712454,927.4849791648318,997.8245642751205,0.924
KPI-0495,Net Revenue,2026-04-01 19:39:49.403864,2026-04-24 16:39:49.405735,Commercial,103.83643023159682,98.99164394140638,0.019699723071514103,1253.879288320386,1023.2338868785937,0.831
KPI-0496,OTIF Rate,2026-01-01 19:39:49.403903,2026-04-24 12:39:49.405739,Operations,110.84547960247426,119.49305930615259,-0.0044707807734474135,1051.4981379196843,834.203977794979,0.847
KPI-0497,OTIF Rate,2025-11-02 19:39:49.403913,2026-04-24 13:39:49.405743,Logistics,126.1136503531039,116.23797707807319,0.10527410370868906,817.4238215627196,1016.6055867162548,0.926
KPI-0498,OTIF Rate,2025-09-03 19:39:49.403919,2026-04-24 16:39:49.405746,Commercial,106.30475120576162,111.34238399146055,-0.00224553413071954,893.3959550720207,1068.0081832683172,0.827
KPI-0499,EBITDA %,2025-08-04 19:39:49.403921,2026-04-24 14:39:49.405749,Commercial,91.33676783760964,135.17708909456465,-0.07649270298417071,1049.3305257659404,955.2780448044662,0.928
